material_id,material_desc,material_group_id,material_group_desc
M15657,CRATE DOMMELSCH RED       30CL,MG21102,POLYETHYLENE CRATES
M63992,BOTTLE 30CL BNR BROWN RETURN LIGHT,MG2010101,RETURNABLE BOTTLES
M15665,PALLET CHEP 1200x1000 MM (01),MG2130201,WOOD
M51073841,TOPSHEET LDPE 1800X500 NO PERF STRAPEX,MG2080203,STRECH WRAP AROUND
M51130189,GLUE Technomelt Supra 7220 PS Easyflow,MG2100101,HOT MELT GLUES
M51130304,SELF-ADHES PALLET LABEL NON WASHABLE 14,MG2140101,COLOR
M51361448,STRETCH FILM 1000 23�M ABI 741,MG2080204,STRETCH HOOD
M51375867,CRK CORO FLAV 200� PO 220 SCA,MG2050102,PRY-OFF
M51402730,BOT 0331 OW 33CL LW FL PO CORO FLAV,MG2010102,ONE WAY BOTTLES
M51419235,GLUE  HOTM 380 HENKEL SUPRA 166,MG2100101,HOT MELT GLUES
M50115526,STRETCH HOOD FILM 1100X750MM 100 MI,MG2080204,STRETCH HOOD
M51170192,GLUE HOTMELT TECHNOMELT SUPRA 150 PLUS,MG2100101,HOT MELT GLUES
M51372196,"CRC CORO 0,0 200� PO 220",MG2050102,PRY-OFF
M51417918,"BOT 0331 OW 33CL LW FL CORO 0,0 ARABIC",MG2010102,ONE WAY BOTTLES
M34906,PALLET EURO 1200x800MM RET EPAL IPPC,MG2130201,WOOD
M51393157,STRETCH HOOD FILM 1100X550MM 100�,MG2080204,STRETCH HOOD
M51422680,"BOT 0331 CORO 0,0 OW 33CL LW FL PO NORD",MG2010102,ONE WAY BOTTLES
M51402729,"BOT 0331 OW 33CL LW FL PO CORO 0,0 BNFL",MG2010102,ONE WAY BOTTLES
M51311351,CROWN CORK CORO EX 35.5CL/33CL 200�'19,MG2050102,PRY-OFF
M51400764,BOT 0331 OW 33CL FL PO26 COR LW BNFL,MG2010102,ONE WAY BOTTLES
M100334,PALLET IPP DEMI 1000x600 MM (B610),MG2130201,WOOD
M50119764,STRETCH HOOD FILM 580X550MM,MG2080204,STRETCH HOOD
M15805,PALLET CHEP EURO 1200x800 MM (03),MG2130201,WOOD
M50199034,GLUE HOTMELT SWIFTHERM ADVANTAGE 7711,MG2100101,HOT MELT GLUES
M51134234,GLUE SYNTHETIC ETIKETTEN AQUENCE XP 190,MG21002,LABELLING GLUES
M51214037,CROWN CAP LEFFE BLOND 200� VBI'18,MG2050102,PRY-OFF
M51226421,STRETCHFILM PPS 500/250/2110M 19#,MG2080203,STRECH WRAP AROUND
M51369197,BOTTLE OW 25CL PRIME LW,MG2010102,ONE WAY BOTTLES
M51410642,LBL FL 0308 LEFF BLON 25CL MET 2023,MG2040102,WHITE PAPER LABELS
M51402724,"BOT 0331 OW 33CL LW FL PO CORO 0,0 NORD",MG2010102,ONE WAY BOTTLES
M51400762,BOT 0331 OW 33CL FL PO26 CORO LW UKITTRE,MG2010102,ONE WAY BOTTLES
M51397706,BOT 0329 OW 33CL FL PO26 COR BNFL NOR CH,MG2010102,ONE WAY BOTTLES
M15470,PALLET P8 IPPC 1110X1210,MG2130201,WOOD
M15611,KEG CBW EURO SANKEY                 20LT,MG21201,STAINLESS STEEL KEGS
M50119857,SELF-ADHES PALLET LABEL COMPGLUE CRATE04,MG2140101,COLOR
M50121478,KEG CAP LEFFE BLONDE BEIGE ENGRAVE 64MM,MG20506,KEG CAPS
M15619,CRATE HOEGAARDEN BROWN    25CL,MG21102,POLYETHYLENE CRATES
M51238187,BOTTLE OW 25CL APO BROWN OW SP,MG2010102,ONE WAY BOTTLES
M15652,CRATE CBW BROWN                     33CL,MG21102,POLYETHYLENE CRATES
M50108398,BOTTLE OW 33L ABBOT AMBER DIEK,MG2010102,ONE WAY BOTTLES
M51303562,BOTTLE OW 33CL APO BROWN OW SP,MG2010102,ONE WAY BOTTLES
M15709,CRATE MULTIBRAND                    25CL,MG21102,POLYETHYLENE CRATES
M15722,CRATE LEFFE               33CL,MG21102,POLYETHYLENE CRATES
M51305623,BOTTLE OW 33CL AMELIE AMBER,MG2010102,ONE WAY BOTTLES
M51366526,BOTTLE OW 33CL AMELIE LW,MG2010102,ONE WAY BOTTLES
M51214298,CROWN CAP LEFFE RUBY 200� VBI'18,MG2050102,PRY-OFF
M51389419,LBL FL LEFFE RUBY 25CL OW FR KR '22,MG2040102,WHITE PAPER LABELS
M50113789,RETRACTABLE FILM LDPE 530/50,MG2080203,STRECH WRAP AROUND
M50119089,HALSETIK LEFFE RADIEUSE 25CL OW FR 1/03,MG2040102,WHITE PAPER LABELS
M50119474,PACK CL LEFFE RADIEUSE PROM PACK 25CL 03,MG2060103,FULLY ENCLOSED PREGL
M50120181,GLUE CASEINE AQUENCE GL 701 SCHUTZ CONT,MG2100201,CASEIN GLUES
M50120626,BOTTLE OW 25CL MONA AMBER PRY OFF,MG2010102,ONE WAY BOTTLES
M50120802,LABEL FRONT LEFFE RAD 25CL OW F 1/2005,MG2040102,WHITE PAPER LABELS
M50121319,CROWN CAP LEFFE RADIEUSE 2006,MG2050102,PRY-OFF
M50121362,GLUE HOTMELT NATIONAL 85,MG2100101,HOT MELT GLUES
M51171164,LABEL NECK BUD 300/330/250ML VBI,MG2040102,WHITE PAPER LABELS
M51176970,BOTTLE OW 25CL BUDWEISER,MG2010102,ONE WAY BOTTLES
M51249927,CROWN CORK BUD 200� 19,MG2050102,PRY-OFF
M51342958,LBL BL BUD 5% 25CL 0128 2020,MG2040102,WHITE PAPER LABELS
M51407234,LBL FL BUD 5% 250ML 2023,MG2040102,WHITE PAPER LABELS
M51421776,PCK CL 690 BUD 15X25CL PROMO,MG2060103,FULLY ENCLOSED PREGL
M51403266,BOT 0329 OW 33CL FL PO26 CORO INT 22,MG2010102,ONE WAY BOTTLES
M51142310,BOTTLE OW 25CL MONA AMBER LW PRY OFF'16,MG2010102,ONE WAY BOTTLES
M51422543,LBL NL 0036 LEFFE PR 1240 25CL,MG20404,ALU FOILS
M51422544,LBL FL 308 LEFFE PR 1240 25CL,MG2040102,WHITE PAPER LABELS
M51422546,CRC 210 LEFFE PR 1240 200� PO D26,MG2050102,PRY-OFF
M50120985,KEG CAP LEFFE BROWN ENGRAVED 64MM,MG20506,KEG CAPS
M50190631,STRETCHFILM STRAPEX BANDEROL 622.040.230,MG2080203,STRECH WRAP AROUND
M50116205,LABEL NECK LEFFE BLOND 25CL OW FR 1/2003,MG2040102,WHITE PAPER LABELS
M50121316,CROWN CAP LEFFE BLOND 1/2006,MG2050102,PRY-OFF
M50121459,PACK CL LEFFE BLOND 12+3X25CL FR 1/2006,MG2060103,FULLY ENCLOSED PREGL
M50161473,LABEL FRONT LEFFE BL 25CL OW B-FR 1/08,MG2040101,METALIZED PAPER LABE
M50121458,PACK CL LEFFE BL10+2 1X12X25CL OW F 1/06,MG2060103,FULLY ENCLOSED PREGL
M50121012,KEG CAP BECASSE KRIEK 1/2005,MG20506,KEG CAPS
M50113665,CROWN CAP BECASSE,MG2050102,PRY-OFF
M50120846,PACK CL BECASSE KRIEK PROMO 2X3X25CL 2/5,MG2060103,FULLY ENCLOSED PREGL
M50121587,LABEL FRONT BECASSE KRIEK 25CL OW 1/2007,MG2040102,WHITE PAPER LABELS
M50120377,PACK CL BECASSE FRAMBOISE PROMO 2X3X25CL,MG2060103,FULLY ENCLOSED PREGL
M50121586,LABEL FRONT BECASSE FRAMB 25CL OW 1/2007,MG2040102,WHITE PAPER LABELS
M15721,BOTTLE 33CL APO BROWN RETURN,MG2010101,RETURNABLE BOTTLES
M51071521,CROWN CAP GOLD VARNISH 200�,MG2050102,PRY-OFF
M51143139,LABEL FRONT LEFFE BLOND 33CL 1/2015,MG2040102,WHITE PAPER LABELS
M51143153,NECK FOIL LEFFE BLOND 33CL 1/2015,MG20404,ALU FOILS
M51175420,LABEL BACK LEFFE BLOND 33CL CI 2016,MG2040102,WHITE PAPER LABELS
M51143140,LABEL FRONT LEFFE BROWN 33CL 1/2015,MG2040102,WHITE PAPER LABELS
M51143154,NECK FOIL LEFFE BROWN 33CL 1/2015,MG20404,ALU FOILS
M51176268,LABEL BACK LEFFE BROWN 33CL CI16,MG2040102,WHITE PAPER LABELS
M15628,BOTTLE 25CL APO BROWN RETURN,MG2010101,RETURNABLE BOTTLES
M51101069,CROWN CAP VIEUX-TEMPS 200�,MG2050102,PRY-OFF
M51176548,LABEL FRONT VIEUX TEMPS 25CL CI16,MG2040102,WHITE PAPER LABELS
M50113669,CROWN CAP VIEUX-TEMPS,MG2050102,PRY-OFF
M50161543,FRONTLABEL VIEUX TEMPS 33CL 1/2005,MG2040102,WHITE PAPER LABELS
M50161554,NECKLABEL VIEUW TEMPS 33CL  1/2005,MG2040102,WHITE PAPER LABELS
M15500,KEG CBW 30L SANKEY SAF IPPC + ST B 0300,MG21201,STAINLESS STEEL KEGS
M50116211,LABEL NECK LEFFE BROWN 25CL OW FR 1/2003,MG2040102,WHITE PAPER LABELS
M50120953,PACK CL LEFFE BR PRE-SAIS FR 2X3X25CL2/5,MG2060103,FULLY ENCLOSED PREGL
M50121317,CROWN CAP LEFFE BROWN 1/2006,MG2050102,PRY-OFF
M50158389,LABEL FRONT LEFFE BROWN 25CL OW FR 1/08,MG2040102,WHITE PAPER LABELS
M50120955,PACK CL LEFFE RAD PRE-SAIS F 2X3X25CL2/5,MG2060103,FULLY ENCLOSED PREGL
M50161545,PACK CL LEFFE BLOND 3X4X25CL PRE-SAIS2/5,MG2060103,FULLY ENCLOSED PREGL
M50116249,CROWN CAP BOOMERANG 1/2003,MG2050102,PRY-OFF
M50120366,BOTTLE OW 25CL BOOMERANG BNLFR SCR 02/05,MG2010102,ONE WAY BOTTLES
M50121366,CLIP BOOMERANG LB 2X2X25CL  1/2006,MG2060101,CLIPS
M51190418,KEG CAP LEFFE XMAS DARK RED 64MM 2017,MG20506,KEG CAPS
M51234281,KEG CAP LEFFE RITUEL 9� ENGR 64MM VBI 18,MG20506,KEG CAPS
M50120365,BOTTLE OW BOOMERANG B/NL/FR SCREENED 05,MG2010102,ONE WAY BOTTLES
M50114721,CROWN CAP GOLD VARNISH,MG2050102,PRY-OFF
M50116268,LABEL NECK LEFFE BLOND 33CL 1/2003,MG2040102,WHITE PAPER LABELS
M50116297,NECK FOIL LEFFE BLOND 33CL 1/2003,MG2040101,METALIZED PAPER LABE
M50119405,GLUE CASEIN AQUENCE GL 419 SCHUTZ CONT,MG2100201,CASEIN GLUES
M50121421,LABEL FRONT LEFFE BLOND 33CL 1/2006,MG2040102,WHITE PAPER LABELS
M50149080,BOTTLE OW 33CL ADRIAAN BROWN,MG2010102,ONE WAY BOTTLES
M50170411,LABEL BACK LEFFE BLOND 33CL INT 2/2008,MG2040102,WHITE PAPER LABELS
M15634,BOTTLE 30CL BNR BROWN RETURN,MG2010101,RETURNABLE BOTTLES
M50119362,LABEL FRONT DOMMELSCHE MALT 30CL 1/2003,MG2040102,WHITE PAPER LABELS
M50119367,LABEL NECK DOMMELSCHE MALT 30CL 1/2003,MG2040102,WHITE PAPER LABELS
M50119382,CROWN CAP DOMMELSCHE MALT 30CL 1/2003,MG2050102,PRY-OFF
M50120835,LABEL BACK DOMMELSCHE MALT 30CL 1/2005,MG2040102,WHITE PAPER LABELS
M50121281,PACK CL LEFFE BROWN 2X3X25CL FR APERO 06,MG2060103,FULLY ENCLOSED PREGL
M51012182,LABEL BACK BELLE-VUE FRAMB CLASSIQUE 11,MG2040102,WHITE PAPER LABELS
M51012183,LABEL FRONT BELLE-VUE FRAMB CLASSIQUE 11,MG2040102,WHITE PAPER LABELS
M51012184,LABEL NECK BELLE-VUE FRAMB CLASSIQUE 11,MG2040102,WHITE PAPER LABELS
M51101072,CROWN CAP B-V FRAMBOISE EXTRA 200�,MG2050102,PRY-OFF
M15616,CRATE BELLE-VUE RED       25CL,MG21102,POLYETHYLENE CRATES
M51012215,LABEL FRONT B-V EXTRA KRIEK 25CL 1/2011,MG2040102,WHITE PAPER LABELS
M51012216,LABEL NECK B-V EXTRA KRIEK 25CL 1/2011,MG2040102,WHITE PAPER LABELS
M51101026,CROWN CAP B-V EXTRA KRIEK 200�,MG2050102,PRY-OFF
M51169441,LABEL BACK B-V EXTRA KRIEK 25CL 1/2016,MG2040102,WHITE PAPER LABELS
M51071524,CROWN CAP LEFFE BROWN 200�,MG2050102,PRY-OFF
M51130287,LABEL NECK LEFFE 25CL OW 1/2014,MG2040102,WHITE PAPER LABELS
M51130290,LABEL FRONT LEFFE BROWN 25CL OW FR 1/14,MG2040102,WHITE PAPER LABELS
M51135748,GLUE SYNTHETIC CHP 12222,MG2100201,CASEIN GLUES
M51147570,PACK CL LEFFE BROWN 2X3X25CL OnPack 15,MG2060103,FULLY ENCLOSED PREGL
M50001287,CLIP HOEG ROSEE 2X3 25CL 5+1 1/2007,MG2060101,CLIPS
M51006853,KEG CAP LEFFE RUBY PRINTED 64MM,MG20506,KEG CAPS
M51389659,KEG CAP LEFFE RUBY PRINTED 64MM '22,MG20506,KEG CAPS
M15498,KEG 50L SANKEY SAF IPPC + ST B,MG21201,STAINLESS STEEL KEGS
M51216043,KEG CAP SAFIR WHITE NM 2018,MG20506,KEG CAPS
M50172369,KEG CAP DOMMELSCH PILS 1/2009,MG20506,KEG CAPS
M50120987,"KEG CAP STELLA 5,2 BEL RED ENGRAVE 64 MM",MG20506,KEG CAPS
M50121125,KEG CAP STELLA FRANCE GOLD ENGRAVE 64MM,MG20506,KEG CAPS
M50121509,KEG CAP LAGER BEER UDB 50 LTR 2006,MG20506,KEG CAPS
M51150279,KEG CAP HERTOG JAN PILSENER 1/2015,MG20506,KEG CAPS
M50173232,KEG CAP FUST ORANJEBOOM BLUE 1/2009,MG20506,KEG CAPS
M50121576,"CROWN CAP ARGUS 30CL ""057271"" 1/2007",MG2050102,PRY-OFF
M50121577,"LABEL NECK ARGUS 30CL ""067345"" 1/2007",MG2040102,WHITE PAPER LABELS
M50121578,"LABEL BACK ARGUS 30CL ""075055"" 1/2007",MG2040102,WHITE PAPER LABELS
M50121582,"LABEL FRONT ARGUS 30CL ""067343"" 1/2007",MG2040102,WHITE PAPER LABELS
M50115453,STRETCHFILM RESINEX 581 CLING IN,MG2080203,STRECH WRAP AROUND
M50120327,LABEL FRONT JUPILER 50CL PET 1/2005,MG2040102,WHITE PAPER LABELS
M50120765,LABEL BACK JUPILER 50CL PET 2/2005,MG2040102,WHITE PAPER LABELS
M50121678,GLUE ETIFIX 4000  114-231A,MG2100201,CASEIN GLUES
M50119795,LABEL BACK STELLA  50CL PET 1/2004,MG2040102,WHITE PAPER LABELS
M50119797,LABEL FRONT STELLA 50CL PET 1/2004,MG2040102,WHITE PAPER LABELS
M50015747,LABEL NECK STELLA OW 25CL FR 1/2007,MG2040102,WHITE PAPER LABELS
M50119988,LABEL FRONT STELLA 25CL OW B/FR 1/2004,MG2040102,WHITE PAPER LABELS
M50120627,BOTTLE OW 25CL GREEN LISA TWIST OFF FR,MG2010102,ONE WAY BOTTLES
M50120865,PACK CL STELLA FR 12+3 15X25CL 01/2005,MG2060103,FULLY ENCLOSED PREGL
M15559,PALLET CHEP DEMI 1000x600 MM (06),MG2130201,WOOD
M51334928,GLUE TECHNOMELT SUPRA 7520-21 PS FR L&P,MG2100101,HOT MELT GLUES
M51234587,STRETCH HOOD FILM 1050X600 110 m�,MG2080204,STRETCH HOOD
M50120859,PACK CL STELLA ARTOIS 2X3X25CL FR 1/2005,MG2060103,FULLY ENCLOSED PREGL
M50120696,LABEL FRONT ROYAL DUTCH POST HOR AR 25CL,MG2040102,WHITE PAPER LABELS
M50120708,LABEL NECK ROYAL DUTCH POST HORN AR 25CL,MG2040102,WHITE PAPER LABELS
M50121098,PACK CL RDPH ARABIC 2X3X25CL 2/2005,MG2060103,FULLY ENCLOSED PREGL
M50121235,LABEL BACK RDPH ARAB 25CL 2006,MG2040102,WHITE PAPER LABELS
M50120870,PACK CL STELLA LN 24X25CL 1/2005,MG2060103,FULLY ENCLOSED PREGL
M50120876,PACK CL STELLA LN COLLEC 24X25CL 02/2005,MG2060103,FULLY ENCLOSED PREGL
M51074834,LABEL FRONT SAFIR 25CL 1/2013,MG2040102,WHITE PAPER LABELS
M51101079,CROWN CAP SAFIR 200�,MG2050102,PRY-OFF
M50119122,BOTTLE OW 25CL LONG NECK BROWN PRY OFF,MG2010102,ONE WAY BOTTLES
M50120881,PACK HERTOG JAN 2X4X25CL OW 2/2005,MG2060103,FULLY ENCLOSED PREGL
M50121301,"CROWN CAP HERTOG JAN 30CL ""074772""",MG2050102,PRY-OFF
M50121408,LABEL FRONT HERTOG JAN 25CL OW 1/2006,MG2040102,WHITE PAPER LABELS
M50121409,LABEL BACK HERTOG JAN OW 25CL 1/2006,MG2040102,WHITE PAPER LABELS
M50121475,LABEL NECK HERTOG JAN OW 25CL 1/2006,MG2040102,WHITE PAPER LABELS
M50121439,LABEL FRONT LOBURG OW 25CL 1/2006,MG2040102,WHITE PAPER LABELS
M50190356,LABEL NECK LOBURG OW 25CL  1/2009,MG2040102,WHITE PAPER LABELS
M50120963,PACK CL STELLA  FR 20+4  24X25CL 01/2005,MG2060103,FULLY ENCLOSED PREGL
M50120964,PACK CL STELLA  FR 2X6X25CL 1/2005,MG2060103,FULLY ENCLOSED PREGL
M50116180,PACK CL STELLA LN 10+2 3X4X25CL 1/03,MG2060103,FULLY ENCLOSED PREGL
M50113848,BOTTLE OW 33CL EUREKA INT GREEN,MG2010102,ONE WAY BOTTLES
M50119413,LABEL NECK ORANJEBOOM EURO IT 33CL 1/03,MG2040102,WHITE PAPER LABELS
M50119414,LABEL FRONT ORANJEBOOM EURO IT 33CL 1/03,MG2040102,WHITE PAPER LABELS
M50121032,CROWN CAP ORANJEBOOM  1/2005,MG2050102,PRY-OFF
M50121067,LABEL BACK ORANJEBOOM EURO IT 33CL 1/05,MG2040102,WHITE PAPER LABELS
M51175394,LABEL FRONT KRUGER EXPORT 33CL CI 2016,MG2040102,WHITE PAPER LABELS
M50120311,LABEL NECK STELLA 33CL INT 2005,MG2040102,WHITE PAPER LABELS
M50121654,xBOTTLE OW 33CL TRIO INT GREEN,MG2010102,ONE WAY BOTTLES
M50121970,"LABEL FRONT STELLA CND 330ML""17103""",MG2040102,WHITE PAPER LABELS
M50121971,"LABEL BACK STELLA ARTOIS 33CL CND""17104""",MG2040102,WHITE PAPER LABELS
M50166273,PACK CL  STELLA 2X6X33CL CND 1/2008,MG2060103,FULLY ENCLOSED PREGL
M50191632,xCROWN CAP STELLA E4 TCA 2009,MG2050102,PRY-OFF
M50113744,CROWN CAP STELLA 2 COLOURS EUREKA PVC/F,MG2050102,PRY-OFF
M50114062,LABEL NECK STELLA 33CL APO FR NM 96,MG2040102,WHITE PAPER LABELS
M50161542,FRONTLABEL STELLA 33CL APO B 1/2005,MG2040102,WHITE PAPER LABELS
M50165476,CROWN CAP STELLA E4 2008,MG2050102,PRY-OFF
M50170679,PACK CL STELLA  LEGERE 2X6X33CL CND 1/09,MG2060103,FULLY ENCLOSED PREGL
M50177990,BOTTLE OW 33CL STELLA LEGERE CND GREEN,MG2010102,ONE WAY BOTTLES
M51000134,LABEL NECK STELLA LEGERE 33CL CND 2010,MG2040102,WHITE PAPER LABELS
M50148065,KEG CAP GRAY ENGR STELLA LEGERE CND 1/08,MG20506,KEG CAPS
M50212685,xLABEL NECK STELLA 33CL INT 2010,MG2040102,WHITE PAPER LABELS
M50213153,LABEL BACK STELLA 33CL CND 1/2010,MG2040102,WHITE PAPER LABELS
M50107080,LABEL BACK STELLA 33CL INT 3/2007,MG2040102,WHITE PAPER LABELS
M50120310,"LABEL FRONT STELLA INT 33CL 1/05 ""16960",MG2040102,WHITE PAPER LABELS
M50000688,LABEL BACK STELLA 33CL RUS/ISR 1/2006,MG2040102,WHITE PAPER LABELS
M51143160,LABEL NECK LEFFE 33CL 1/2015,MG2040102,WHITE PAPER LABELS
M51143211,LABEL FRONT LEFFE CHRITSMAS 33CL 2016,MG2040102,WHITE PAPER LABELS
M51143241,LABEL BACK LEFFE CHRISTMAS 33CL 2016,MG2040102,WHITE PAPER LABELS
M51190414,CROWN CAP LEFFE XMAS 200� 2017,MG2050102,PRY-OFF
M50207998,CLIP LEFFE CHRISTMAS 2X3X33CL 1/2010,MG2060101,CLIPS
M16999,BOTTLE 33CL TAURO RETURN.,MG2010101,RETURNABLE BOTTLES
M50163826,CROWN CAP JUPILER TAURO 2008,MG2050102,PRY-OFF
M51000612,LABEL NECK JUPILER TAURO 2010,MG2040102,WHITE PAPER LABELS
M51010993,LABEL NECK LEFFE BLOND 25CL OW 1/2011,MG2040102,WHITE PAPER LABELS
M51071523,CROWN CAP LEFFE BLOND 200�,MG2050102,PRY-OFF
M51075806,LABEL FRONT LEFFE BL 25CL OW BeNlFr 2013,MG2040102,WHITE PAPER LABELS
M50175477,CLIP HOEG ROSEE 2X3 25CL 1/2009,MG2060101,CLIPS
M51175389,LABEL FRONT LEFFE 9�RITUEL 25CL OW CI16,MG2040102,WHITE PAPER LABELS
M51228399,CROWN CAP LEFFE RITUEL 9 200� VBI 2018,MG2050102,PRY-OFF
M51023584,CLIP JUPILER 2X3X25CL 2/12,MG2060101,CLIPS
M50175161,PACK CL LEFFE BLOND 15X25CL OS FR 1/2009,MG2060103,FULLY ENCLOSED PREGL
M50211635,LABEL NECK LEFFE RUBY 25CL OW FR 1/2010,MG2040102,WHITE PAPER LABELS
M51071522,CROWN CAP LEFFE RUBY 200�,MG2050102,PRY-OFF
M51078335,LABEL FRONT LEFFE RUBY 25CL OW FR 1/2013,MG2040102,WHITE PAPER LABELS
M51080425,PACK CL LEFFE RUBY 2X3X25CL PR FR 2013,MG2060103,FULLY ENCLOSED PREGL
M50176240,PACK CL STELLA LN 24 25CL COLL FR 01/09,MG2060103,FULLY ENCLOSED PREGL
M50176241,PACK CL STELLA LN 24 25CL OS FR 1/2009,MG2060103,FULLY ENCLOSED PREGL
M50120988,KEG CAP JUPILER NA GREEN PRINT 64MM,MG20506,KEG CAPS
M51187039,KEG CAP JUPILER BL LIGH GR ENGR 64MM VBI,MG20506,KEG CAPS
M50213745,KEG CAP STELLA 5 EXP RED ENGRAVE 64 MM,MG20506,KEG CAPS
M51345451,KEG CAP STELLA 5 EXP RED ENGRAVE 64MM'20,MG20506,KEG CAPS
M31289,KEG 50L SANKEY CIRCLIP IPPC USA,MG21201,STAINLESS STEEL KEGS
M15776,KEG 50L SANKEY SAF IPPC USA,MG21201,STAINLESS STEEL KEGS
M50177600,KEG CAP RED ENGRAVE STELLA 1/2009,MG20506,KEG CAPS
M18721,CRATE TAURO               33CL,MG21102,POLYETHYLENE CRATES
M50208007,CLIP BASS PALE ALE 2X3X25CL 1/2010,MG2060101,CLIPS
M51072910,RETRACTABLE FILM LDPE 23�,MG2080203,STRECH WRAP AROUND
M51101063,CROWN CAP PIEDBOEUF BLOND 200�,MG2050102,PRY-OFF
M51176529,LABEL FRONT PIEDBOEUF BLOND 33CL CI16,MG2040102,WHITE PAPER LABELS
M51101085,CROWN CAP PIEDBOEUF DARK 200�,MG2050102,PRY-OFF
M51175398,LABEL FRONT PIEDBOEUF BROWN 33CL CI 2016,MG2040102,WHITE PAPER LABELS
M50178196,BOTTLE OW 25CL BROWN LISA TWIST OFF,MG2010102,ONE WAY BOTTLES
M50208085,LABEL FRONT JUPILER 25CL 1/2010,MG2040102,WHITE PAPER LABELS
M51013741,LABEL BACK JUPILER 25CL OW  1/2012,MG2040101,METALIZED PAPER LABE
M50207992,CLIP HOEG ROSEE 2X3 25CL 1/2010,MG2060101,CLIPS
M51133863,LABEL NECK STELLA 25CL OW FR 1/2014,MG2040102,WHITE PAPER LABELS
M51175411,LABEL FRONT STELLA 25CL OW B/FR CI 2016,MG2040102,WHITE PAPER LABELS
M50212686,LABEL FRONT STELLA 33CL USA 2010,MG2040102,WHITE PAPER LABELS
M50213607,xLABEL BACK STELLA 33CL USA DEP 15,MG2040102,WHITE PAPER LABELS
M51012232,xCROWN CAP STELLA TPS/E4 OXY,MG2050102,PRY-OFF
M50207347,CLIP BOOMERANG 2X2X25CL 1/2010,MG2060101,CLIPS
M51010891,CLIP LEFFE CHRISTMAS 2X3X33CL 5+1 1/2011,MG2060101,CLIPS
M50170655,LABEL FRONT STELLA CND 330ML 1/08,MG2040102,WHITE PAPER LABELS
M50017739,LABEL BACK STELLA 33CL USA ORIGINAL19394,MG2040102,WHITE PAPER LABELS
M50017743,LABEL FRONT STELLA 33CL TEXAS MALT 17208,MG2040102,WHITE PAPER LABELS
M50213152,LABEL FRONT STELLA 33CL CND 1/2010,MG2040102,WHITE PAPER LABELS
M51008550,PACK CL JUPILER CANS 2X9X33CL 1/2011,MG2060103,FULLY ENCLOSED PREGL
M51015507,CLIP LEFFE RADIEUSE 2X3X33CL 5+1 2012,MG2060101,CLIPS
M51011680,CLIP LEFFE CHRISTMAS 2X3X33CL 1/2011,MG2060101,CLIPS
M20770,CRATE JUPILER BLUE 25CL,MG21102,POLYETHYLENE CRATES
M50165525,LABEL FRONT JUPILER BLUE 25CL 1/2008,MG2040102,WHITE PAPER LABELS
M50165546,LABEL NECK JUPILER BLUE 25CL 1/2008,MG2040102,WHITE PAPER LABELS
M50208570,LABEL BACK JUPILER BLUE 25CL 1/2010,MG2040102,WHITE PAPER LABELS
M51013937,CROWN CAP JUPILER BLUE 1/2012 180�,MG2050102,PRY-OFF
M50433,CRATE MULTIBRAND TILO  25CL,MG21102,POLYETHYLENE CRATES
M51020822,CLIP JUPILER BLUE 2X3X25CL 1/2012,MG2060101,CLIPS
M51150280,LABEL BACK HERTOG JAN 25CL OW 1/2015,MG2040102,WHITE PAPER LABELS
M51150653,LABEL FRONT HERTOG JAN 25CL OW 2015,MG2040102,WHITE PAPER LABELS
M51012213,CLIP B-V EXTRA KRIEK 2X2X25CL 1/2011,MG2060101,CLIPS
M51136402,"LABEL BACK STEL CHINA 4% 0,33L LN OW",MG2040102,WHITE PAPER LABELS
M51136403,"LABEL FRONT STEL CHINA 4% 0,33L LN OW",MG2040102,WHITE PAPER LABELS
M51159587,xCROWN CAP ST E4 TCA VBI'16,MG2050102,PRY-OFF
M51098145,KEG CAP RED PR STELLA ARTOIS CHINA 2013,MG20506,KEG CAPS
M50208311,LABEL FRONT SCOTCH CTS 25CL 1/2010,MG2040102,WHITE PAPER LABELS
M51101081,CROWN CAP SCOTCH CTS 25CL 200�,MG2050102,PRY-OFF
M51175308,LABEL BACK SCOTCH CTS 25CL CI 2016,MG2040102,WHITE PAPER LABELS
M51169671,LABEL FRONT LEFFE XMAS 25CL OW FR 1/2016,MG2040102,WHITE PAPER LABELS
M50209536,CLIP SCOTCH CTS2X2X25CL 1/2010,MG2060101,CLIPS
M50210902,CLIP LEFFE BLONDE 2X3X33CL 2/2010,MG2060101,CLIPS
M30361,BOTTLE 33CL TAURO OW N,MG2010102,ONE WAY BOTTLES
M51101076,CROWN CAP LEFFE SPRING 200�,MG2050102,PRY-OFF
M51143022,LABEL FRONT LEFFE SPRING 25CL OW 2015,MG2040101,METALIZED PAPER LABE
M51002683,CLIP LEFFE SPRING 2X3X33CL 1/2011,MG2060101,CLIPS
M51002684,CLIP LEFFE SPRING 2X3X33CL 5+1 2011,MG2060101,CLIPS
M51016001,CLIP LEFFE BLONDE 2X3X33CL WIN CHEF 2012,MG2060101,CLIPS
M51015890,CLIP LEFFE BROWN 2X3X33CL WIN CHEF2012,MG2060101,CLIPS
M50212995,CROWN CAP LEFFE BLOND 1/2010,MG2050102,PRY-OFF
M51006844,CLIP LEFFE RUBY 2X3X33CL 2011,MG2060101,CLIPS
M51006845,CLIP LEFFE RUBY 2X3X33CL 5+1 2011,MG2060101,CLIPS
M50213355,CROWN CAP STELLA EAGLE NORTH AM 2011,MG2050102,PRY-OFF
M34742,KEG 30L SANKEY CIRCLIP IPPC,MG21201,STAINLESS STEEL KEGS
M50213606,xLABEL BACK STELLA USA 33CL NDEP 2010,MG2040102,WHITE PAPER LABELS
M51017134,"LABEL FRONT HOEG WH 0,0 25CL RET 1/2012",MG2040102,WHITE PAPER LABELS
M51017347,"LABEL BACK HOEG WHITE 0,0 25CL 2012",MG2040102,WHITE PAPER LABELS
M51101071,"CROWN CAP HOEG WHITE 0,0 200�",MG2050102,PRY-OFF
M51010712,LABEL FRONT LEFFE BL 25CL OW BeNlFr 2013,MG2040101,METALIZED PAPER LABE
M50208005,CLIP CAMPB SCOTCH 2X3X25CL 1/2010,MG2060101,CLIPS
M50000735,SELF-ADHES PALLET LABEL HYDROSOLUB 01/07,MG2130103,PAPER PALLETS
M15548,CRATE JUPILER WONDERCRATE 25CL,MG21102,POLYETHYLENE CRATES
M51013736,LABEL NECK JUPILER 25CL 1/2012,MG2040102,WHITE PAPER LABELS
M51133864,LABEL BACK JUPILER 25CL NOEAN 2014,MG2040102,WHITE PAPER LABELS
M51187103,CROWN CAP JUPILER 25CL 200� OXY VBI'17,MG2050102,PRY-OFF
M51018674,CLIP JUPILER BLUE 2X3X25CL 5+1 2012,MG2060101,CLIPS
M50120977,KEG CAP GREEN PR CAMPB-SCOTCH 1/2005,MG20506,KEG CAPS
M51187036,KEG CAP JUPILER YELLOW ENGRAVE 64MM VBI,MG20506,KEG CAPS
M50120998,KEG CAP B-V KRIEK PRINT BORDEAUX 1/2005,MG20506,KEG CAPS
M50210904,CLIP LEFFE BROWN 2X3X33CL 2/2010,MG2060101,CLIPS
M51402034,KEG CAP LEFF BLON BEIGE ENGR 64MM 2023,MG20506,KEG CAPS
M51224504,KEG CAP LEFFE BROWN ENGRAVED 64MM VBI 18,MG20506,KEG CAPS
M50120994,KEG CAP GREEN PR BECK'S 1/2005,MG20506,KEG CAPS
M50212888,CLIP LEFFE BLONDE 5+1 2X3X33CL 2/2010,MG2060101,CLIPS
M50210857,CLIP LEFFE BROWN 5+1 2X3X33CL 1/2010,MG2060101,CLIPS
M50121559,CROWN CAP STELLA RED EDGE 1/2007,MG2050102,PRY-OFF
M50161546,PACK CL STELLA 2X4X25CL OW BROWN B 1/05,MG2060103,FULLY ENCLOSED PREGL
M50161547,NECKLABEL STELLA OW 25CL B/FR 1/2005,MG2040102,WHITE PAPER LABELS
M50207839,CLIP VIEUX TEMPS 2X3X25CL 1/2010,MG2060101,CLIPS
M51012186,CLIP B-V GUEUZE 2X3 25CL 1/2011,MG2060101,CLIPS
M51020821,CROWN CAP JUPILER BLUE 2/12 180�,MG2050102,PRY-OFF
M50014732,LABEL FRONT JUP NA 25CL 1/2007,MG2040101,METALIZED PAPER LABE
M50161544,PACK CL JUP NA 2X4X25CL OW APO B 2/05,MG2060103,FULLY ENCLOSED PREGL
M50165520,CROWN CAP JUPILER NA 1/2008,MG2050102,PRY-OFF
M51077100,LABEL BACK JUPILER 25CL SMSWIN 2013,MG2040102,WHITE PAPER LABELS
M50120705,CLIP B-V KRIEK 2X2X25CL           1/2005,MG2060101,CLIPS
M50121465,BOTTLE OW 25CL STRONGNECK AMBER TW OFF R,MG2010102,ONE WAY BOTTLES
M50165395,LABEL BACK JUPILER 25CL OW YOUN 1/2008,MG2040101,METALIZED PAPER LABE
M50165521,LABEL FRONT JUPILER 25CL 1/2008,MG2040102,WHITE PAPER LABELS
M50165548,PACK CL JUPILER OW TWIST OFF 2X4X25CL 08,MG2060103,FULLY ENCLOSED PREGL
M50209537,PACK CL JUPILER CANS 2X9X33CL 15+3 1/10,MG2060103,FULLY ENCLOSED PREGL
M50209538,PACK CL JUPILER CANS 2X18X33CL 30+6 1/10,MG2060103,FULLY ENCLOSED PREGL
M51012181,CLIP B-V FRAMB CLASSIQUE 2X2X25CL 1/2011,MG2060101,CLIPS
M50190579,CLIP LEFFE 9 2X3X33CL 5+1 09,MG2060101,CLIPS
M51041997,KEG CAP LIGHT GRAY ENGR JUPILER BLUE,MG20506,KEG CAPS
M51042104,CLIP JUPILER BLUE 2X3X25CL 2/12,MG2060101,CLIPS
M51075389,KEG CAP LEFF ROY KEG 20L 2012,MG20506,KEG CAPS
M38679,CRATE HOEG TILO BLUE     25CL,MG21102,POLYETHYLENE CRATES
M50213472,xLABEL FRONT STELLA 33CL INT 2010,MG2040102,WHITE PAPER LABELS
M51033250,LABEL BACK STELLA 33CL INT 2/12,MG2040102,WHITE PAPER LABELS
M51052872,LABEL NECK STELLA 33CL INT x-MAS 2012,MG2040102,WHITE PAPER LABELS
M50120996,KEG CAP B-V KRIEK EXTRA BEIGE 1/2005,MG20506,KEG CAPS
M51081506,GLUE ARTICOLL HALF SYNTHETIC 12999,MG2100201,CASEIN GLUES
M51141263,xLABEL BACK STELLA 33CL USA DEP 15,MG2040102,WHITE PAPER LABELS
M51159588,CROWN CAP ST TPS/E4 DF6475PC VBI,MG2050102,PRY-OFF
M51023981,KEG CAP B-VUE EXTRA KRIEK 1/2012,MG20506,KEG CAPS
M50200316,CLIP B-V EXTRA KRIEK 2X2X25CL 1/2010,MG2060101,CLIPS
M50000646,CLIP B-V EXTRA KRIEK 2X3X25CL 5+1 1/2007,MG2060101,CLIPS
M50000629,KEG CAP B-V KRIEK CLASSIQUE 1/2007,MG20506,KEG CAPS
M50200315,CLIP B-V CLASSIQUE 2X2X25CL 1/2010,MG2060101,CLIPS
M50120187,STICKER KEG LEFFE BLONDE UKR 1/2004,MG2140101,COLOR
M50211660,NECK FOIL LEFFE BLOND 33CL 1/2010,MG20404,ALU FOILS
M50211681,LABEL NECK LEFFE BLOND 33CL 2010,MG2040102,WHITE PAPER LABELS
M51042496,LABEL FRONT LEFFE BLOND 33CL 1/2012,MG2040102,WHITE PAPER LABELS
M51079255,LABEL BACK LEFFE BLOND 33CL OW FR 2013,MG2040102,WHITE PAPER LABELS
M51141262,xLABEL BACK STELLA 33CL USA NDEP 15,MG2040102,WHITE PAPER LABELS
M51143307,CROWN CAP LEFFE DES VIGNES 200�,MG2050102,PRY-OFF
M51305891,LABEL FRONT LEFFE VIGNE 25CL OW FR KR'19,MG2040102,WHITE PAPER LABELS
M50211633,LABEL FRONT LEFFE BROWN 25CL OW FR 1/10,MG2040102,WHITE PAPER LABELS
M50211632,LABEL FRONT LEFFE RAD 25CL OW F 2/2010,MG2040102,WHITE PAPER LABELS
M51080429,PACK CL LEFFE RADIEUSE 2X3X25CL FR PR 13,MG2060103,FULLY ENCLOSED PREGL
M51101028,CROWN CAP LEFFE RADIEUSE 200�,MG2050102,PRY-OFF
M50211366,LABEL BACK LEFFE 9� 33CL  1/2010,MG2040102,WHITE PAPER LABELS
M50211597,LABEL NECK LEFFE 9� 33CL 2010,MG2040102,WHITE PAPER LABELS
M50211598,LABEL FRONT LEFFE 9� 33CL 2010,MG2040102,WHITE PAPER LABELS
M51023000,NECK FOIL LEFFE 9�RITUEL 33CL 2012,MG20404,ALU FOILS
M51175390,LABEL FRONT LEFFE RUBY 25CL OW FR CI2016,MG2040102,WHITE PAPER LABELS
M51011756,LABEL NECK LEFFE XMAS 25CL OW FR 1/2011,MG2040102,WHITE PAPER LABELS
M51011757,LABEL FRONT LEFFE XMAS 25CL OW FR 1/2011,MG2040101,METALIZED PAPER LABE
M51002680,LABEL FRONT LEFFE SPRING 25CL OW 2011,MG2040101,METALIZED PAPER LABE
M51002681,LABEL NECK LEFFE SPRING 25CLOW FR 1/2011,MG2040102,WHITE PAPER LABELS
M51098949,CAP BOTTLE OW 12L PET 6 ribs,MG20506,KEG CAPS
M51099015,STICKER CAP COVER LEFFE 12L CONT USA 13,MG2140101,COLOR
M51099018,LABEL BOX AM LEFFE BLOND PET 12L,MG2040102,WHITE PAPER LABELS
M50000658,CLIP HOEGAARDEN ROSEE 2X2X25CL 1/2007,MG2060101,CLIPS
M51099212,LABEL NECK STELLA 33CL CHRISTMAS 2013,MG2040102,WHITE PAPER LABELS
M51143588,xLABEL BACK STELLA 33CL NORDIC 2015,MG2040102,WHITE PAPER LABELS
M51136682,LABEL BACK STELLA 33CL CND 1/2014,MG2040102,WHITE PAPER LABELS
M51106448,BOTTLE 330ML BRAH FLINT OW,MG2010102,ONE WAY BOTTLES
M51188618,CROWN CAP CUBANISTO 1/17,MG2050102,PRY-OFF
M51146113,BOTTLE OW 33CL WILLIAM INT GREEN,MG2010102,ONE WAY BOTTLES
M51146952,LABEL NECK STELLA 33CL INT VBI '15,MG2040102,WHITE PAPER LABELS
M51161422,xLABEL BACK ST 33CL MEX VBI,MG2040102,WHITE PAPER LABELS
M51212011,LABEL FRONT STELLA 33CL MEX 5% VBI 2017,MG2040102,WHITE PAPER LABELS
M51101067,CROWN CAP LEFFE NECTAR 200�,MG2050102,PRY-OFF
M51160475,PACK CL LEFFE NECTAR 3X4X25CL FR 2PC '15,MG2060103,FULLY ENCLOSED PREGL
M51175391,LABEL FRONT LEFFE NECTAR 25CL OW CI 2016,MG2040101,METALIZED PAPER LABE
M15655,CRATE JUPILER YELLOW NL             25CL,MG21102,POLYETHYLENE CRATES
M51131705,LABEL BACK JUPILER 25CL NL 2/14,MG2040102,WHITE PAPER LABELS
M51213540,CROWN CAP HOEG ROSEE VBI 2018,MG2050102,PRY-OFF
M15519,KEG TRILOB 30L,MG21201,STAINLESS STEEL KEGS
M51359414,KEG CAP BUD 5% 1/14 020 N,MG20506,KEG CAPS
M51132559,KEG CAP STELLA LEGERE US GRAY PRINT 64MM,MG20506,KEG CAPS
M51223318,PACK CL LEFFE NECTAR 3X4X25CL FR 2PC '18,MG2060103,FULLY ENCLOSED PREGL
M51101029,CROWN CAP LEFFE 9 200�,MG2050102,PRY-OFF
M51162024,PACK CL LEFFE RUBY 2X3X25CL BEFR '16,MG2060103,FULLY ENCLOSED PREGL
M51160462,PACK CL LEFFE RUBY 3X4X25CL FR 2PC 15,MG2060103,FULLY ENCLOSED PREGL
M51142058,CROWN CAP MOUSEL PILS 2015 200�,MG2050102,PRY-OFF
M51176528,LABEL FRONT MOUSEL PILS 33CL OW CI16,MG2040102,WHITE PAPER LABELS
M50191103,CROWN CAP GOLD VARNISH TCA*,MG2050102,PRY-OFF
M51143157,NECK FOIL LEFFE RUBY 33CL 1/2015,MG20404,ALU FOILS
M51143214,LABEL FRONT LEFFE RUBY 33CL 1/2015,MG2040102,WHITE PAPER LABELS
M51165814,LABEL BACK LEFFE RUBY 33CL INT 2016,MG2040102,WHITE PAPER LABELS
M51170665,PACK CL LEFFE BLOND 15X25CL FR 16,MG2060103,FULLY ENCLOSED PREGL
M51176303,LABEL FRONT LEFFE BLOND 25CL OW FR'17,MG2040102,WHITE PAPER LABELS
M51175430,LABEL BACK LEFFE ROY WH GOLD 33CL RET'16,MG2040102,WHITE PAPER LABELS
M51180699,NECK FOIL LEFFE ROYAL WH GOLD 33CL 2017,MG20404,ALU FOILS
M51181352,LABEL FRONT LEFFE ROYAL WH GOLD 33CL '17,MG2040102,WHITE PAPER LABELS
M51143896,PACK CL JUPILER 4X5X25CL FR 2015,MG2060103,FULLY ENCLOSED PREGL
M51150659,PACK CL HERTOG JAN 4X5X25CL NL 2/15,MG2060103,FULLY ENCLOSED PREGL
M51143159,NECK FOIL LEFFE VIEILLE CUVEE 33CL 2015,MG20404,ALU FOILS
M51143216,LABEL FRONT LEFFE VIELLE CUVEE 33CL 2015,MG2040102,WHITE PAPER LABELS
M51176507,LABEL BACK LEFFE VIEIL CUV 33CL INT CI16,MG2040102,WHITE PAPER LABELS
M51144160,KEG CAP LEFFE ROY GOLD 64MM,MG20506,KEG CAPS
M51130288,LABEL FRONT LEFFE BLOND 25CL OW BENEFR,MG2040102,WHITE PAPER LABELS
M51146609,BOTTLE OW 284ML BROWN CHECKER TWIST OFF,MG2010102,ONE WAY BOTTLES
M51147647,RETRACTABLE FILM LDPE 470/50,MG2080203,STRECH WRAP AROUND
M51186688,"LABEL BACK JUPILER 28,4CL CHECKER VBI17",MG2040102,WHITE PAPER LABELS
M51186690,"LABEL FRONT JUPILER 28,4CL CHECKER VBI17",MG2040102,WHITE PAPER LABELS
M51147648,RETRACTABLE FILM LDPE 405/50,MG2080203,STRECH WRAP AROUND
M51366905,TOPSHEET LDPE 1800X500 NO PERF STRAP REC,MG2080203,STRECH WRAP AROUND
M51145301,LABEL FRONT JUPILER 25CL CAPO 2015,MG2040102,WHITE PAPER LABELS
M51145303,LABEL NECK JUPILER 25CL CAPO 2015,MG2040102,WHITE PAPER LABELS
M51167896,LABEL BACK JUPILER 25CL NL CAPO 2016,MG2040102,WHITE PAPER LABELS
M51179188,CROWN CAP JUPILER 25CL CAPO 200� OXY'16,MG2050102,PRY-OFF
M50120986,KEG CAP LEFFE ROUGE BORDEAU 64MM,MG20506,KEG CAPS
M15661,CRATE PINOLEN BROWN       30CL,MG21102,POLYETHYLENE CRATES
M51213646,LABEL BACK HOEG RAD L&L 30CL NL VBI18,MG2040102,WHITE PAPER LABELS
M51213684,CROWN CAP HOEG RAD LEM&LIME 200� VBI,MG2050102,PRY-OFF
M51213686,LABEL FRONT HOEG RAD L&L 30CL NL VBI 18,MG2040102,WHITE PAPER LABELS
M51213688,LABEL NECK HOEG RAD L&L 30CL NL VBI 18,MG2040102,WHITE PAPER LABELS
M51176522,LABEL BACK LEFFE ROY MAPUCHE 33CL RET'16,MG2040102,WHITE PAPER LABELS
M51181351,NECK FOIL LEFFE ROYAL MAPUCHE 33CL 2017,MG20404,ALU FOILS
M51181354,LABEL FRONT LEFFE ROYAL MAPUCHE 33CL'17,MG2040102,WHITE PAPER LABELS
M51154801,NECK FOIL LEFFE ROYAL MNT HOOD 33CL 2015,MG20404,ALU FOILS
M51154802,LABEL FRONT LEFFE ROYAL MNT HOOD 33Cl 15,MG2040102,WHITE PAPER LABELS
M51176524,LABEL BACK LEFFE ROY MNT HD 33CL OW CI16,MG2040102,WHITE PAPER LABELS
M51176525,LABEL BACK LEFFE ROY MNTH 33CL RET CI16,MG2040102,WHITE PAPER LABELS
M51176512,LABEL BACK LEFFE BLOND 33CL FRITS CI16,MG2040102,WHITE PAPER LABELS
M51312109,LABEL BACK LEFFE ROY WHGOLD 33CL OW KR19,MG2040102,WHITE PAPER LABELS
M51170765,PACK CL LEFFE BLOND 3X6X25CL FR 2016,MG2060103,FULLY ENCLOSED PREGL
M51176302,LABEL NECK LEFFE BLOND 25CL OW FR'17,MG2040102,WHITE PAPER LABELS
M51176304,BOTTLE OW 25CL PRIME'17,MG2010102,ONE WAY BOTTLES
M51162129,NECK FOIL LEFFE ROYAL CRYSTAL 33CL 2015,MG20404,ALU FOILS
M51162130,LABEL FRONT LEFFE ROYAL CRYSTAL 33Cl 15,MG2040102,WHITE PAPER LABELS
M51162512,LABEL BACK LEFFE ROY CRYSTAL 33CL RET 15,MG2040102,WHITE PAPER LABELS
M51171091,"LABEL BACK JUPILER 28,4CL CHECKER '16/3",MG2040102,WHITE PAPER LABELS
M51378586,LBL BL SCO_CTS 25CL 0032 '21,MG2040102,WHITE PAPER LABELS
M51163387,PACK CL HOEG RAD SERENITY 2X3X25CL FR,MG2060103,FULLY ENCLOSED PREGL
M51163389,LABEL NECK HOEG RAD SERENITY 25CL FR,MG2040102,WHITE PAPER LABELS
M51163390,CROWN CAP HOEG RAD SERENITY 25CL FR 200�,MG2050102,PRY-OFF
M51168524,LABEL FRONT HOEG RAD SERENITY 25CL FR'16,MG2040102,WHITE PAPER LABELS
M51223152,NECK FOIL LEFFE BLOND 33CL VBI 2018,MG20404,ALU FOILS
M51310928,LABEL BACK LEFFE BLOND 33CL DF/ISR VBI19,MG2040102,WHITE PAPER LABELS
M51320052,LBL FL LEFF BLON 33CL 0042 2019,MG2040102,WHITE PAPER LABELS
M51081502,CROWN CAP HOEG ROSEE 1/2015,MG2050102,PRY-OFF
M51104117,LABEL NECK HOEG ROSEE 25 CL OW FR 2014,MG2040102,WHITE PAPER LABELS
M51165053,LABEL BACK HOEG ROSEE 25CL OW JAP'16,MG2040102,WHITE PAPER LABELS
M51165849,PACK CL HOEG ROSEE 2X3X25CL FR 2016,MG2060103,FULLY ENCLOSED PREGL
M51168482,LABEL FRONT HOEG ROSEE 25CL OW F 1/2016,MG2040102,WHITE PAPER LABELS
M51175444,LABEL BACK LEFFE BROWN 33CL INT CI 2016,MG2040102,WHITE PAPER LABELS
M51310827,LABEL FRONT LEFFE NECTAR 25CL OW KR'19,MG2040102,WHITE PAPER LABELS
M51176270,LABEL FRONT LEFFE BROWN 25CL OW FR CI16,MG2040102,WHITE PAPER LABELS
M51223120,CROWN CAP LEFFE BROWN 200� VBI 2018,MG2050102,PRY-OFF
M51378589,LBL NL STEL_RG 25CL 0011 FR '21,MG2040102,WHITE PAPER LABELS
M51192232,KEG CAP CUBANISTO PURPLE 64MM/2017,MG20506,KEG CAPS
M51167364,LABEL FRONT JUPILER BLUE L&L 25CL RET'16,MG2040102,WHITE PAPER LABELS
M51167365,LABEL BACK JUPILER BLUE L&L 25CL RET'16,MG2040102,WHITE PAPER LABELS
M51167366,LABEL NECK JUPILER BLUE L&L 25CL RET'16,MG2040102,WHITE PAPER LABELS
M51167367,CROWN CAP JUP BLUE LEM&LIM 25CL 200�,MG2050102,PRY-OFF
M51143600,LABEL FRONT HOEG RAD AGRUM 25CL FR 2015,MG2040102,WHITE PAPER LABELS
M51143601,LABEL NECK HOEG RAD AGRUM 25CL FR '15,MG2040102,WHITE PAPER LABELS
M51143602,CROWN CAP HOEG RAD AGRUM 200�,MG2050102,PRY-OFF
M51143603,PACK CL HOEG RAD AGRUM 2X3X25CL FR '15,MG2060103,FULLY ENCLOSED PREGL
M51170204,PACK CL HOEG RAD LEM&LIME 2X3X25CL ABI16,MG2060103,FULLY ENCLOSED PREGL
M51213649,LABEL NECK HOEG RAD L&L 25CL FR VBI18,MG2040102,WHITE PAPER LABELS
M51213674,LABEL FRONT HOEG RAD L&L 25CL FR VBI 18,MG2040102,WHITE PAPER LABELS
M51169394,KEG CAP HOEG RAD LEM YELLOW 64MM,MG20506,KEG CAPS
M51169455,KEG CAP HOEG RAD AGRUM ORANGE 64MM,MG20506,KEG CAPS
M51172032,CROWN CAP JUP EXTR 33CL 200�'17,MG2050102,PRY-OFF
M51187147,"KEG CAP JUP 0,0 LIGHT GREY 64MM VBI",MG20506,KEG CAPS
M51403409,"KEG CAP JUP 0,0 LIGHT GREY 64MM '23",MG20506,KEG CAPS
M51221145,CROWN CAP CUBA MOJI FR 2018,MG2050102,PRY-OFF
M51214294,PACK CL LEFFE BLOND 3X3X25CL FR VBI'18,MG2060103,FULLY ENCLOSED PREGL
M51238322,PACK CL LEFFE BLOND 3X3X25CL FR VBI19,MG2060103,FULLY ENCLOSED PREGL
M51342509,LBL_FL LEFF_BLON 25CL 0308 OW 2020,MG2040102,WHITE PAPER LABELS
M51342510,LBL_NL LEFF_BLON 25CL 0719 OW 2020,MG2040102,WHITE PAPER LABELS
M51173577,RETRACTABLE FILM LDPE 425/50,MG2080203,STRECH WRAP AROUND
M51173578,PACK CL LEFF RUBY OW 2X5 25CL 7+3 FR'16,MG2060103,FULLY ENCLOSED PREGL
M51173564,CROWN CAP HOEG RAD CRAN 25CL FR 200�,MG2050102,PRY-OFF
M51173571,"LABEL FRONT HOEG RAD CRAN 2,0 25CL RET",MG2040102,WHITE PAPER LABELS
M51173572,"LABEL BACK HOEG RAD CRANB 2,0 25CL RET",MG2040102,WHITE PAPER LABELS
M51173573,LABEL NECK HOEG RAD CRAN 25CL '16,MG2040102,WHITE PAPER LABELS
M51216624,CROWN CORK DIEKIRCH 200� VBI'18,MG2050102,PRY-OFF
M51219613,LABEL NECK DIEKIRCH RAD AGRUM 33CL OW'18,MG2040102,WHITE PAPER LABELS
M51219614,LABEL FRONT DIEKIRCH RADL AGR 33CL OW'18,MG2040102,WHITE PAPER LABELS
M51219615,LABEL BACK DIEKIRCH RAD AGR 33CL OW VBI,MG2040102,WHITE PAPER LABELS
M51187144,"CROWN CAP JUP 0,0 25CL 200� VBI 2017",MG2050102,PRY-OFF
M51187188,"LABEL NECK JUPILER 0,0 25CL VBI 2017",MG2040102,WHITE PAPER LABELS
M51187189,"LABEL FRONT JUPILER 0,0 25CL VBI 2017",MG2040102,WHITE PAPER LABELS
M51187190,"LABEL BACK JUPILER 0,0 25CL VBI 2017",MG2040102,WHITE PAPER LABELS
M51359419,KEG CAP BUD 4.8% 020 N,MG20506,KEG CAPS
M51307693,LABEL BACK HERTOG JAN 25CL OW 2019,MG2040102,WHITE PAPER LABELS
M50120979,KEG CAP LOBURG GREEN ENGRAVE 64MM,MG20506,KEG CAPS
M51180673,KEG CAP LEFFE ENKEL GOLD ENGRAVE 64MM,MG20506,KEG CAPS
M51346992,LBL BL LEFF BLON 33CL 1028 BEFRATUKIT'20,MG2040102,WHITE PAPER LABELS
M51361447,TOPSHEET 1600MMX650M 50CS161,MG2080203,STRECH WRAP AROUND
M51379586,LBL BL LEFF BLON 33CL 1028 INT,MG2040102,WHITE PAPER LABELS
M51212012,LABEL FRONT STELLA 33CL US/SE/NO VBI'18,MG2040102,WHITE PAPER LABELS
M51216820,CROWN CAP ST TPS/E4 DF6475PC VBI�18,MG2050102,PRY-OFF
M51218146,LABEL BACK ST 33CL USA DEP VBI'18,MG2040102,WHITE PAPER LABELS
M51220471,BOTTLE OW 33CL WILLIAM 2.0 INT GREEN '18,MG2010102,ONE WAY BOTTLES
M51213689,CROWN CAP HOEG RAD AGRUM 200� VBI 18,MG2050102,PRY-OFF
M51213870,LABEL NECK HOEG RAD AGRUM 25CL FR VBI'18,MG2040102,WHITE PAPER LABELS
M51213962,LABEL FRONT HOEG RAD AGRUM 25CL FR VBI18,MG2040102,WHITE PAPER LABELS
M51332449,PCK CL HOEG RAD AGRUM 2X3X25CL 704 FR'20,MG2060103,FULLY ENCLOSED PREGL
M50120691,STICKER KEG LEFFE BLOND 30L AUS 30X20 05,MG2140101,COLOR
M50120520,LABEL FRONT B-V KRIEK 25CL B/F 1/2005,MG2040102,WHITE PAPER LABELS
M50120531,LABEL NECK B-V KRIEK 25CL 1/2005,MG2040102,WHITE PAPER LABELS
M50120762,LABEL BACK B-V KRIEK 25CL 2/2005,MG2040102,WHITE PAPER LABELS
M50121349,CROWN CAP B-V KRIEK 1/2006,MG2050102,PRY-OFF
M50001292,"LABEL FRONT STELLA USA 11.2FL 533 ""16957",MG2040102,WHITE PAPER LABELS
M50166272,PACK CL  STELLA 2X6X33CL USA 1/2008,MG2060103,FULLY ENCLOSED PREGL
M51214038,LABEL FRONT LEFFE BLOND 25CL OW VBI 18,MG2040102,WHITE PAPER LABELS
M51214039,LABEL NECK LEFFE BLOND 25CL OW FR VBI'18,MG2040102,WHITE PAPER LABELS
M51223190,PACK CL LEFFE BLOND 2X5X25CL FR VBI 2018,MG2060103,FULLY ENCLOSED PREGL
M34904,PALLET DD 600X800 RET,MG2130201,WOOD
M15775,KEG 30L SANKEY SAF IPPC USA,MG21201,STAINLESS STEEL KEGS
M51212003,LABEL BACK ST 33CL MEX/PER VBI'17/2,MG2040102,WHITE PAPER LABELS
M51216819,CROWN CAP ST E4 TCA VBI�18,MG2050102,PRY-OFF
M51182875,LABEL NECK LEFFE NECTAR 25CL OW FR'17,MG2040102,WHITE PAPER LABELS
M51175431,LABEL FRONT LEFFE VIGNE 25CL OW FR CI16,MG2040102,WHITE PAPER LABELS
M51182876,LABEL NECK LEFFE VIGN 25CL OW FR'17,MG2040102,WHITE PAPER LABELS
M51213676,LABEL FRONT HOEG RAD KIWI 25CL FR VBI 18,MG2040102,WHITE PAPER LABELS
M51213865,CROWN CAP HOEG RAD KIWI 25CL FR 200� VBI,MG2050102,PRY-OFF
M51213968,LABEL NECK HOEG RAD KIWI 25CL FR VBI'18,MG2040102,WHITE PAPER LABELS
M51332453,PCK CL HOEG RAD KIWI 2X3X25CL 704 FR'20,MG2060103,FULLY ENCLOSED PREGL
M51190097,CROWN CAP CUBANISTO DJ CLAPTONE,MG2050102,PRY-OFF
M51190415,LABEL FRONT LEFFE XMAS 25CL OW FR 2017,MG2040102,WHITE PAPER LABELS
M51190419,LABEL NECK LEFFE 25CL X-MAS OW 2017,MG2040102,WHITE PAPER LABELS
M51367468,KEG CAP LEFFE XMAS DARK RED 64MM VBI 21,MG20506,KEG CAPS
M51417685,KEG CAP 030 LEFF D'HIVER DARK RED 64MM,MG20506,KEG CAPS
M51221171,CROWN CAP CUBA SPICE BE 2018,MG2050102,PRY-OFF
M51187562,LABEL FRONT LEFFE BLOND 25CL RET,MG2040102,WHITE PAPER LABELS
M51187563,LABEL NECK LEFFE BLOND 25CL RET,MG2040102,WHITE PAPER LABELS
M51187567,LABEL BACK LEFFE BLOND 25CL RET,MG2040102,WHITE PAPER LABELS
M51161502,PACK CL HOEG RAD AGRUM 2X3X25CL FR 2016,MG2060103,FULLY ENCLOSED PREGL
M51164821,LABEL NECK HOEG RAD AGRUM 25CL FR '16,MG2040102,WHITE PAPER LABELS
M51167980,LABEL FRONT HOEG RAD AGRUM 25CL FR 2/16,MG2040102,WHITE PAPER LABELS
M51143395,CROWN CAP HOEG RAD LEM&LIME 200�,MG2050102,PRY-OFF
M51161503,PACK CL HOEG RAD LEM&LIME 2X3X25CL FR'16,MG2060103,FULLY ENCLOSED PREGL
M51164822,LABEL NECK HOEG RAD L&L 25CL FR '16,MG2040102,WHITE PAPER LABELS
M51168521,LABEL FRONT HOEG RAD L&L 25CL FR'16,MG2040102,WHITE PAPER LABELS
M51176968,KEG CAP BUD 4.8%,MG20506,KEG CAPS
M51167897,LABEL BACK JUPILER 25CL CAPO 2016,MG2040102,WHITE PAPER LABELS
M51212002,LABEL BACK ST 33CL CND VBI 2017,MG2040102,WHITE PAPER LABELS
M51212010,LABEL FRONT STELLA 33CL CND VBI 2017,MG2040102,WHITE PAPER LABELS
M51119196,KEG CAP BUD 5%  1/14,MG20506,KEG CAPS
M51218145,LABEL BACK ST 33CL USA NDEP VBI 2018,MG2040102,WHITE PAPER LABELS
M51198761,LABEL NECK LEFFE SPRING 25CL OW 2017,MG2040102,WHITE PAPER LABELS
M51198762,LABEL FRONT LEFFE SPRING 25CL OW 2018,MG2040101,METALIZED PAPER LABE
M51217510,"LABEL FRONT HOEG ROSEE 0,0 25CL RET VBI",MG2040102,WHITE PAPER LABELS
M51218001,"LABEL BACK HOEG ROSEE 0,0 25CL RET VBI",MG2040102,WHITE PAPER LABELS
M51218002,"LABEL NECK HOEG ROSEE 0,0 25CL RET VBI18",MG2040102,WHITE PAPER LABELS
M51218004,CROWN CAP HOEG ROSEE 0.0 VBI 2018,MG2050102,PRY-OFF
M51394088,"LBL BL HOEG ROSE 0,0 25CL 0032 '22",MG2040102,WHITE PAPER LABELS
M51397463,"LBL FL HOEG ROSE 0,0 25CL 0054 RET'22",MG2040102,WHITE PAPER LABELS
M51350960,KEG CAP LEFF AMBR 64MM 030 2021,MG20506,KEG CAPS
M51186687,LABEL BACK JUPILER 25CL NOEAN TILO VBI17,MG2040102,WHITE PAPER LABELS
M51212314,LABEL NECK JUPILER 25CL WC 2018,MG2040102,WHITE PAPER LABELS
M51212344,CROWN CAP JUPILER 25CL 200� WIN,MG2050102,PRY-OFF
M51212346,LABEL FRONT JUPILER 25CL WC 2018,MG2040102,WHITE PAPER LABELS
M51212318,"LABEL FRONT JUPILER 28,4CL CHECKER WC'18",MG2040102,WHITE PAPER LABELS
M51218472,LABEL BACK HERTOG JAN 25CL OW COOL 18,MG2040101,METALIZED PAPER LABE
M51214439,LABEL FRONT LEFFE D'ETE 25CL OW FR VBI18,MG2040102,WHITE PAPER LABELS
M51214440,LABEL NECK LEFFE D'ETE 25CL OW FR VBI'18,MG2040102,WHITE PAPER LABELS
M51214461,CROWN CAP LEFFE D'ETE 200� VBI'18,MG2050102,PRY-OFF
M51222738,PACK CL LEF D'ET 3X4X25CL FR 2PC VBI18/2,MG2060103,FULLY ENCLOSED PREGL
M51214464,LABEL FRONT LEFFE D'ETE 33CL VBI'18,MG2040102,WHITE PAPER LABELS
M51214465,LABEL BACK LEFFE D'ETE 33CL FR VBI'18,MG2040102,WHITE PAPER LABELS
M51214466,NECK FOIL LEFFE D'ETE 33CL VBI'18,MG20404,ALU FOILS
M50121385,PACK CL STELLA  CANS 2X12X33CL INT  1/06,MG2060103,FULLY ENCLOSED PREGL
M51217245,PACK CL LEFFE BLOND 3X4X25CL FR 2PC PROM,MG2060103,FULLY ENCLOSED PREGL
M51213648,LABEL BACK HOEG RAD AGRUM 25CL RET VBI18,MG2040102,WHITE PAPER LABELS
M51213690,LABEL FRONT HOEG RAD AGRUM 25CL RET VBI,MG2040102,WHITE PAPER LABELS
M51213695,LABEL NECK HOEG RAD AGRUM 25CL VBI 18,MG2040102,WHITE PAPER LABELS
M51218036,LABEL BACK LEFFE BLOND 33CL INDIA'18,MG2040102,WHITE PAPER LABELS
M51225832,LABEL BACK ST 33CL USA NDEP VBI'18,MG2040102,WHITE PAPER LABELS
M51225831,LABEL BACK ST 33CL USA DEP VBI'18/2,MG2040102,WHITE PAPER LABELS
M51220089,CROWN CAP CUBANISTO TOMORROWLAND'18,MG2050102,PRY-OFF
M51221965,KEG CAP PURE BLONDE WHITE 64MM,MG20506,KEG CAPS
M51222200,NECK FOIL LEFFE ROYAL AMBRE 33CL 2018,MG20404,ALU FOILS
M51222281,LABEL FRONT LEFFE ROYAL AMBRE 33CL 18,MG2040102,WHITE PAPER LABELS
M51222282,LABEL BACK LEFFE ROY AMBER 33CL OW 18,MG2040102,WHITE PAPER LABELS
M51225116,BOTTLE OW 25CL BROWN HJ EMBOS TWIST OFF,MG2010102,ONE WAY BOTTLES
M51225118,PACK CL HERTOG JAN 2X5X25CL OW 2018,MG2060103,FULLY ENCLOSED PREGL
M51379075,LBL BL HERT JAN 25CL 0618 SD,MG2040102,WHITE PAPER LABELS
M51224413,LABEL FRONT LEFFE 9�RITUEL 33CL VBI 2018,MG2040102,WHITE PAPER LABELS
M51224414,NECK FOIL LEFFE 9�RITUEL 33CL VBI 2018,MG20404,ALU FOILS
M51224415,LABEL BACK LEFFE 9� RITUEL 33CL VBI 2018,MG2040102,WHITE PAPER LABELS
M51226237,BOTTLE 330ML DECO OW 2018,MG2010102,ONE WAY BOTTLES
M51215837,LABEL BACK LEFFE BLOND 33CL SPAIN 2018,MG2040102,WHITE PAPER LABELS
M51226554,KEG CAP SPATEN OKTOBERFEST 64MM 2018,MG20506,KEG CAPS
M51226061,PACK CL LEFFE BLOND 10X25CL NEST VBI'18,MG2060103,FULLY ENCLOSED PREGL
M51228718,LABEL BACK LEFFE NA 33CL RET VBI 18,MG2040102,WHITE PAPER LABELS
M51308400,"LABEL FRONT LEFFE BLON 0,0 33CL 2019",MG2040102,WHITE PAPER LABELS
M51308732,"NECK FOIL LEFFE BLON 0,0 33CL 2019",MG20404,ALU FOILS
M51226441,CROWN CAP CUBA DAIQUIRI 2018,MG2050102,PRY-OFF
M51228663,CROWN CAP SAFIR 200�,MG2050102,PRY-OFF
M51228665,LABEL FRONT SAFIR 33CL 2018,MG2040102,WHITE PAPER LABELS
M51323332,LBL BL LEFF BLON 33CL 1028 BEFR/AT/UK'19,MG2040102,WHITE PAPER LABELS
M51229752,KEG CAP STELLA RED ENGRAVE 64MM INDIA'18,MG20506,KEG CAPS
M51231945,CROWN GINETTE LAGER 200�,MG2050102,PRY-OFF
M51237476,LABEL BACK GINE LAGER 33CL 2019,MG2040102,WHITE PAPER LABELS
M51237478,LABEL FRONT GINE LAGER 33CL 2019,MG2040102,WHITE PAPER LABELS
M51321684,LBL NL GINE LAGER 33CL 2013 VBI,MG2040102,WHITE PAPER LABELS
M51379268,LBL BL LEFF BL 33CL UKNZ 0008,MG2040102,WHITE PAPER LABELS
M51231813,CROWN CAP LEFFE SPRING 200� VBI 2018,MG2050102,PRY-OFF
M51231814,LABEL FRONT LEFFE SPRING 25CL OW VBI2018,MG2040102,WHITE PAPER LABELS
M51231815,LABEL NECK LEFFE SPRING 25CL OW VBI 2018,MG2040102,WHITE PAPER LABELS
M51231975,KEG CAP LEFFE SPRING GREEN 64MM VBI18,MG20506,KEG CAPS
M51220904,NECK FOIL LEFFE ROY BLON 33CL VBI18,MG20404,ALU FOILS
M51220905,LABEL FRONT LEFFE ROY BLON 33CL VBI18,MG2040101,METALIZED PAPER LABE
M51235684,LABEL BACK LEFFE ROY BLON 33CL RET VBI18,MG2040102,WHITE PAPER LABELS
M51217224,LABEL NECK LEFFE AMBRE 25CL OW FR VBI,MG2040102,WHITE PAPER LABELS
M51217225,CROWN CAP LEFFE AMBER 200� VBI,MG2050102,PRY-OFF
M51350969,LBL FL LEFF AMBR 25CL 0078 OW FR 2021,MG2040102,WHITE PAPER LABELS
M51231719,LABEL FRONT LEFFE SPRING 33CL VBI 2018,MG2040102,WHITE PAPER LABELS
M51231720,LABEL BACK LEFFE SPRING 33CL FR VBI 2018,MG2040102,WHITE PAPER LABELS
M51231971,NECK FOIL LEFFE SPRING 33CL VBI 2018,MG20404,ALU FOILS
M51237592,CROWN CAP CUBA PUNCH 2019,MG2050102,PRY-OFF
M51235919,CROWN CAP LEFFE D'ETE 200� 2019,MG2050102,PRY-OFF
M51236635,LABEL FRONT LEFFE D'ETE 25CL OW FR 2019,MG2040102,WHITE PAPER LABELS
M51236636,LABEL NECK LEFFE D'ETE 25CL OW FR 2019,MG2040102,WHITE PAPER LABELS
M51333684,PCK_CL LEFF_ETE 4X5X25CL 334 FR'20,MG2060103,FULLY ENCLOSED PREGL
M51236634,PACK CL LEFFE D'ETE 3X4X25CL FR 2PC 2019,MG2060103,FULLY ENCLOSED PREGL
M51219280,LABEL NECK DIEKIRCH RAD L&L 33CL VBI'18,MG2040102,WHITE PAPER LABELS
M51219591,LABEL FRONT DIEKIRCH RADLER L&L 33CL VBI,MG2040102,WHITE PAPER LABELS
M51219592,LABEL BACK DIEKIRCH RADLER L&L 33CL VBI,MG2040102,WHITE PAPER LABELS
M51176167,LABEL NECK BUD 4.8% 25CL SPAIN,MG2040102,WHITE PAPER LABELS
M51338047,"LBL_BL BUDW_REG 4,8% 25CL 0128 ES'20",MG2040102,WHITE PAPER LABELS
M51346504,LBL FL BUD 4.8% 25 0034 SPAIN 2020 RE100,MG2040102,WHITE PAPER LABELS
M51407232,LBL FL BUD 4.8% 25 0034 SPAIN 2023,MG2040102,WHITE PAPER LABELS
M51238527,LABEL FRONT BUD 330ML LEU VBI 1/18,MG2040102,WHITE PAPER LABELS
M51238529,LABEL NECK BUD 5% 33CL LEU VBI 1/18,MG2040102,WHITE PAPER LABELS
M51238898,BOTTLE 330ML BUD MAC OW,MG2010102,ONE WAY BOTTLES
M51322907,LBL BL BUD 5% 33CL 1007 FR IT 19/3,MG2040102,WHITE PAPER LABELS
M51336395,xLBL BL STEL RG 33CL 0050 DEP US 2020,MG2040102,WHITE PAPER LABELS
M51238498,TEST-NOT USE-CROWN CAP GOLD VARNISH 200�,MG2050102,PRY-OFF
M51238499,TEST-NOT USE-LABEL BACK LEFFE BLOND 33CL,MG2040102,WHITE PAPER LABELS
M51224458,LABEL NECK LEFFE BLONDE 33CL VBI 2018,MG2040102,WHITE PAPER LABELS
M51307421,LABEL BACK LEFF BLOND 33CL 12BOX BE 2019,MG2040102,WHITE PAPER LABELS
M51307422,LABEL BACK LEFF BROWN 33CL 12BOX BE 2019,MG2040102,WHITE PAPER LABELS
M51307573,LABEL FRONT LEFFE BROWN 33CL 2019,MG2040102,WHITE PAPER LABELS
M51307665,LABEL NECK LEFFE BROWN 33CL 2019,MG2040102,WHITE PAPER LABELS
M51336433,LBL BL STEL RG 33CL 0050 NDEP US 2020,MG2040102,WHITE PAPER LABELS
M51306954,KEG CAP GINETTE LAGER 50L,MG20506,KEG CAPS
M51229239,LABEL FRONT BUD 5% 250ML,MG2040102,WHITE PAPER LABELS
M51319041,CRC CUBA TEQ 200� PO 100,MG2050102,PRY-OFF
M51310429,PACK CL LEFFE FRUIT D'HIV 3X4X25CL FR 19,MG2060103,FULLY ENCLOSED PREGL
M51310430,CROWN CAP LEFFE FRUIT D'HIV 200� 19,MG2050102,PRY-OFF
M51310631,LABEL NECK LEFFE FRUIT D'HIV 25CL FR 19,MG2040102,WHITE PAPER LABELS
M51310632,LABEL FRONT LEFFE FRUIT D'HIV 25CL FR 19,MG2040102,WHITE PAPER LABELS
M51359415,KEG_CAP BUD REG 030 N,MG20506,KEG CAPS
M51401910,KEG_CAP BUD REG 030 N'23,MG20506,KEG CAPS
M51234260,NECK FOIL LEFFE AMBRE 33CL VBI 2018,MG20404,ALU FOILS
M51313083,LABEL FRONT LEFFE AMBRE 33CL 2019,MG2040102,WHITE PAPER LABELS
M51350759,LBL BL LEFF AMBR 33CL 0016 INT 2021,MG2040102,WHITE PAPER LABELS
M51316127,KEG CAP JUPI WHITE ENGRAVE 64MM VBI BE,MG20506,KEG CAPS
M51224733,NECK FOIL LEFFE XMAS 33CL VBI 2018,MG20404,ALU FOILS
M51224734,LABEL FRONT LEFFE XMAS 33CL VBI 2018,MG2040102,WHITE PAPER LABELS
M51305872,LABEL BACK LEFFE XMAS 33CL FR KR'2019,MG2040102,WHITE PAPER LABELS
M51238530,LABEL FRONT BUDW 330ML LEU VBI'19,MG2040102,WHITE PAPER LABELS
M51238893,LABEL NECK BUDWEISER 33CL LEU 2019,MG2040102,WHITE PAPER LABELS
M51317940,LBL BL BUDW 5% 33CL AFRICA 2019,MG2040102,WHITE PAPER LABELS
M51366909,LBL FL CUBA RUM 33CL XXXX 2022,MG2040102,WHITE PAPER LABELS
M51367514,LBL BL CUBA RUM 33CL ONTRADE XXXX 22,MG2040102,WHITE PAPER LABELS
M51367516,LBL NL CUBA RUM 33CL XXXX ON TRADE 22,MG2040102,WHITE PAPER LABELS
M51366908,LBL BL CUBA_RU 33CL OFF+UK/PL 2022,MG2040102,WHITE PAPER LABELS
M51366910,LBL NL CUBA RUM 33CL OFFTR XXXX 22,MG2040102,WHITE PAPER LABELS
M51228719,LABEL FRONT LEFFE NA 33CL VBI 2018,MG2040102,WHITE PAPER LABELS
M51228961,NECK FOIL LEFFE NA 33CL VBI 2018,MG20404,ALU FOILS
M51318165,"LBL BL LEFF BLON 0,0 33CL 1028 OW FR 19",MG2040102,WHITE PAPER LABELS
M51312787,LABEL FRONT KWAK 25CL,MG2040102,WHITE PAPER LABELS
M51312789,LABEL NECK KWAK 25CL,MG2040102,WHITE PAPER LABELS
M51320409,CRC KWAK 200 PO 210,MG2050102,PRY-OFF
M51353848,LBL BL KWAK 25CL 1001 2021,MG2040102,WHITE PAPER LABELS
M51228720,"CRC LEFF BL/BR 0,0 200� PO 210 VBI'18",MG2050102,PRY-OFF
M51318166,"PCK CL LEFF BLON 0,0 3X4X25CL 0692 FR 19",MG2060103,FULLY ENCLOSED PREGL
M51318168,"LBL NL LEFF BLON 0,0 25CL 2048 OW FR 19",MG2040102,WHITE PAPER LABELS
M51318169,"LBL FL LEFF BLON 0,0 25CL 0029 OW FR 19",MG2040102,WHITE PAPER LABELS
M51361561,"PCK CL LEFF BLON 0,0 3X4X25CL 0692 FR 21",MG2060103,FULLY ENCLOSED PREGL
M51310826,"BOTTLE OW 35,5CL SCP MARIACHI BNFL'19",MG2010102,ONE WAY BOTTLES
M51319999,"KEG_CAP BUD 0,0 030 FR",MG20506,KEG CAPS
M51415666,LBL BL 0128 BUD 25CL 2023,MG2040102,WHITE PAPER LABELS
M51323044,CRC BUDW NA 200 PO 103 SCA 2019,MG2050102,PRY-OFF
M51323046,LBL FL BUDW NA 33CL XXXX 2019,MG2040102,WHITE PAPER LABELS
M51323048,LBL BL BUDW NA 33CL 1007 ME 2019,MG2040102,WHITE PAPER LABELS
M51323061,LBL NL BUDW NA 33CL 2001 2019,MG2040102,WHITE PAPER LABELS
M51323225,PCK CL BUD 15X25CL 711 FR'19,MG2060103,FULLY ENCLOSED PREGL
M51234361,LABEL FRONT LEFFE AMBRE 33CL IT/ES VBI18,MG2040102,WHITE PAPER LABELS
M51324550,LBL BL LEFF AMBR 33CL 1028 OW RU 2019,MG2040102,WHITE PAPER LABELS
M51218141,LABEL FRONT STELLA 33CL CND/CH VBI 2018,MG2040102,WHITE PAPER LABELS
M51218142,LABEL BACK ST 33CL CND VBI 2018,MG2040102,WHITE PAPER LABELS
M51303729,LABEL FRONT GINE FRUIT 33CL 2019,MG2040102,WHITE PAPER LABELS
M51305614,CROWN GINETTE FRUIT 200�,MG2050102,PRY-OFF
M51321689,LBL NL GINE FRU 33CL 2013 VBI,MG2040102,WHITE PAPER LABELS
M51324644,LBL BL GINE_FR 33CL 1025 2020,MG2040102,WHITE PAPER LABELS
M51379816,LBL BL GINE FRUIT 33CL 1025 '21,MG2040102,WHITE PAPER LABELS
M51330170,"LABEL FRONT JUPILER 0,0 25CL 2020",MG2040102,WHITE PAPER LABELS
M51330191,"LABEL BACK JUPILER 0,0 25CL 2020",MG2040102,WHITE PAPER LABELS
M51403386,"LBL BL JUP 0,0 25CL 2023",MG2040102,WHITE PAPER LABELS
M51403387,"LBL FL JUP 0,0 25CL 2023",MG2040102,WHITE PAPER LABELS
M51330814,KEG CAP CORO EXTR S 030 2020,MG20506,KEG CAPS
M51352639,KEG CAP JUPI RED S 030 ENGR 64MM EC'21,MG20506,KEG CAPS
M51214408,STRETCH FILM 250MM 22 MICRON GAP WRAP,MG2080203,STRECH WRAP AROUND
M51226531,LABEL FRONT STEL ART 4.8% 330ML VBI 2/18,MG2040102,WHITE PAPER LABELS
M51336920,LBL_NL STEL 4.8% 330 DT20,MG2040102,WHITE PAPER LABELS
M51337024,LBL_BL STEL 4.8% 330ML ABI 1160 ECO'20,MG2040102,WHITE PAPER LABELS
M51224451,KEG CAP LEFF BLON BEIGE ENGR 64MM VBI 18,MG20506,KEG CAPS
M51336252,"BOT OW 35,5CL MARIACHI FL PO SCP CH'20",MG2010102,ONE WAY BOTTLES
M51359965,"BOT OW 35,5CL FL PO SCP IT/CH/AT/NORD'21",MG2010102,ONE WAY BOTTLES
M51319637,"RETR. FILM 530/50 LEFF BLON 0,0 4X6X25CL",MG2080203,STRECH WRAP AROUND
M51351435,"LBL FL LEFF RUBY 0,0 25CL 0722 OW FR 21",MG2040102,WHITE PAPER LABELS
M51351436,"LBL NL LEFF RUBY 0,0 25CL 0719 OW FR 21",MG2040102,WHITE PAPER LABELS
M51319899,LBL BL BUD 5% 33CL 1007 FR 2019,MG2040102,WHITE PAPER LABELS
M51334964,LBL BL BUD 5% 33CL 1007 AT/PL 2020,MG2040101,METALIZED PAPER LABE
M51346361,LBL FL LEFF BLON 25CL 0722 RET,MG2040102,WHITE PAPER LABELS
M51346362,LBL NL LEFF BLON 25CL 0719 RET,MG2040102,WHITE PAPER LABELS
M51346363,LBL BL LEFF BLON 25CL 0713 RET,MG2040102,WHITE PAPER LABELS
M85286,CRATE LEFFE 25CL NL,MG21102,POLYETHYLENE CRATES
M51353035,PCK CL BUD 5% OW 2X3X25CL 689 FR EURO 21,MG2060103,FULLY ENCLOSED PREGL
M51346402,LBL FL BUD 5% 25 0109 2020 RE100,MG2040102,WHITE PAPER LABELS
M51353036,PCK CL BUD 5% OW 4X5X25CL 691 FR EURO 21,MG2060103,FULLY ENCLOSED PREGL
M51376972,LBL BL BUDW 5% 33CL 0134 AFR 2021,MG2040102,WHITE PAPER LABELS
M51358862,"BOT OW 35,5CL MARIACHI FL PO SCP PL'21",MG2010102,ONE WAY BOTTLES
M51361956,BOT OW 33CL FL PO CORONA IT'21,MG2010102,ONE WAY BOTTLES
M51397707,BOT 0329 OW 33CL FL PO26 CORO INT,MG2010102,ONE WAY BOTTLES
M51367458,LBL BL BUDW 5% 33CL 0134 TREX 2021,MG2040102,WHITE PAPER LABELS
M51402024,LBL BL BUD 5% 33CL 0134 PT/GR 2023,MG2040102,WHITE PAPER LABELS
M51368196,LBL NL HOEG ROSE NA 25 CL OW FR'21,MG2040102,WHITE PAPER LABELS
M51368197,LBL FL HOEG ROSE NA 25CL OW 0064 FR'21,MG2040102,WHITE PAPER LABELS
M51394093,"LBL FL HOEG ROSE 0,0 25CL OW 0064 FR'22",MG2040102,WHITE PAPER LABELS
M51371618,"BOT OW 33CL FL PO CORO 0,0 BNFL",MG2010102,ONE WAY BOTTLES
M51371612,LBL NL LEFF_NECT 25CL OW FR'21,MG2040102,WHITE PAPER LABELS
M51371613,LBL FL LEFF_NECT 25CL OW KR'21,MG2040102,WHITE PAPER LABELS
M51372957,"BOT 0329 OW 33CL FL PO CORO 0,0 SE/DK/CH",MG2010102,ONE WAY BOTTLES
M51324541,BOT OW 25CL PRIME FLINT PO 2019,MG2010102,ONE WAY BOTTLES
M51374494,LBL NL LEFF_NECT 25CL OW LIM,MG2040102,WHITE PAPER LABELS
M51375866,BOT OW 33CL FL PO CORO FLAV 21,MG2010102,ONE WAY BOTTLES
M51381978,PCK CL BUD 5% 4X5X25CL 691 WC 22,MG2060103,FULLY ENCLOSED PREGL
M51381980,PCK CL BUD 5% 12X25CL 690 WC 22,MG2060103,FULLY ENCLOSED PREGL
M51382700,LBL BL CORO EX 33CL 0202 IT 22,MG2040102,WHITE PAPER LABELS
M51383101,LBL FL CORO EX 33CL 0716 IT 22,MG2040102,WHITE PAPER LABELS
M51384331,BOT OW 33CL FL PO CORO UNDEC,MG2010102,ONE WAY BOTTLES
M51339155,LBL BL BUDW 5% 33CL 0134 INT 2020,MG2040102,WHITE PAPER LABELS
M51384442,LABEL FRONT BUDW 330ML LEU WCQ'22,MG2040102,WHITE PAPER LABELS
M51386787,"KEG_CAP BUD 0,0 030 FR SL",MG20506,KEG CAPS
M51389664,LBL FL BUD 5% 25 0109 WC '22,MG2040102,WHITE PAPER LABELS
M51389692,PCK CL BUD 5% 12X25CL 690 RE100 WC'22,MG2060103,FULLY ENCLOSED PREGL
M51389666,PCK CL BUD 5% 4X5X25CL 691 RE100 WC'22,MG2060103,FULLY ENCLOSED PREGL
M51390113,BOT 0329 OW 33CL FL PO26 BNFL'22,MG2010102,ONE WAY BOTTLES
M51346243,LBL NL LEFF RUBY 25CL OW 0036 FR 2020,MG2040102,WHITE PAPER LABELS
M51388021,PCK_CL LEFFE RUBY 782 3X4X25CL FR,MG2060103,FULLY ENCLOSED PREGL
M51401313,PCK CL LEFF RUBY 692 B 3X4X25CL,MG2060103,FULLY ENCLOSED PREGL
M51402727,"BOT 0331 OW 33CL LW FL PO CORO 0,0 UK",MG2010102,ONE WAY BOTTLES
M85654,PALLET CHEP ISPM15 1200X1000MM HEAT TREA,MG2130201,WOOD
M51327524,"CRC STEL 0,0 230 PO 104 SCA E4/E4 2019",MG2050102,PRY-OFF
M51344137,"LBL NL STEL 0,0 33CL 0539 NORDICS",MG2040102,WHITE PAPER LABELS
M51399921,"LBL FL STEL 0,0 33CL 0051 AFR",MG2040102,WHITE PAPER LABELS
M51399922,"LBL BL STEL 0,0 33CL 1160 AFR",MG2040102,WHITE PAPER LABELS
M50173495,CLIP BASS PALE ALE 2X3X25CL 1/2009,MG2060101,CLIPS
M50113743,CROWN CAP BASS PALE-ALE,MG2050102,PRY-OFF
M50148616,LABEL FRONT BASS/PALE-ALE 25CL 1/2008,MG2040102,WHITE PAPER LABELS
M50170417,LABEL BACK BASS PALE ALE 25CL 2/2008,MG2040102,WHITE PAPER LABELS
M50113740,CROWN CAP CAMPBELL'S SCOTCH,MG2050102,PRY-OFF
M50148946,LABEL FRONT CAMPB/SCOTCH 25CL DEP 1/08,MG2040102,WHITE PAPER LABELS
M50208487,LABEL BACK CAMPB SCOTCH 25CL 1/2010,MG2040102,WHITE PAPER LABELS
M51403704,"LBL BL BUD 3,5% 33CL 0134 LEU SE",MG2040102,WHITE PAPER LABELS
M51101083,CROWN CAP GINDER-ALE 200�,MG2050102,PRY-OFF
M51176363,LABEL FRONT GINDER-ALE 25CL CI 2016,MG2040102,WHITE PAPER LABELS
M50161522,CROWN CAP STELLA LIGHT PVC FREE,MG2050102,PRY-OFF
M50161530,NECKLABEL STELLA LIGHT 25CL 1/2003,MG2040102,WHITE PAPER LABELS
M50161531,FRONTLABEL STELLA LIGHT 25CL 1/2003,MG2040102,WHITE PAPER LABELS
M50161541,BACKLABEL STELLA LIGHT 25CL 1/2005,MG2040102,WHITE PAPER LABELS
M15757,KEG 20L ALUMASC NL,MG21201,STAINLESS STEEL KEGS
M51405562,KEG CAP 010 A HJ GR PILSENER,MG20506,KEG CAPS
M51101064,CROWN CAP PIEDBOEUF TRIPLE 200�,MG2050102,PRY-OFF
M51176530,LABEL FRONT PIEDBOEUF TRIPLE 33CL CI16,MG2040102,WHITE PAPER LABELS
M50113736,CROWN CAP PIEDBOEUF BLOND,MG2050102,PRY-OFF
M50189855,LABEL FRONT PIEDBOEUF BLOND 33CL 1/2009,MG2040102,WHITE PAPER LABELS
M50113737,CROWN CAP PIEDBOEUF DARK,MG2050102,PRY-OFF
M50189857,LABEL FRONT PIEDBOEUF BROWN 33CL 1/2009,MG2040102,WHITE PAPER LABELS
M51101086,CROWN CAP B-V KRIEK 200�,MG2050102,PRY-OFF
M51101068,CROWN CAP BECASSE 200�,MG2050102,PRY-OFF
M51168483,LABEL FRONT BECASSE FRAMB 25CL OW 1/2016,MG2040102,WHITE PAPER LABELS
