Length,Avg,Lower,Upper,Month,River,Species
40,0.593,0.478,0.736,3,Karup,Seatrout
40,0.551,0.443,0.686,4,Karup,Seatrout
40,0.785,0.631,0.977,5,Karup,Seatrout
40,0.777,0.626,0.964,6,Karup,Seatrout
40,0.749,0.604,0.929,7,Karup,Seatrout
40,0.726,0.585,0.9,8,Karup,Seatrout
40,0.714,0.576,0.886,9,Karup,Seatrout
40,0.704,0.567,0.873,10,Karup,Seatrout
41,0.637,0.513,0.79,3,Karup,Seatrout
41,0.599,0.482,0.746,4,Karup,Seatrout
41,0.846,0.68,1.053,5,Karup,Seatrout
41,0.837,0.675,1.038,6,Karup,Seatrout
41,0.809,0.652,1.003,7,Karup,Seatrout
41,0.783,0.631,0.971,8,Karup,Seatrout
41,0.77,0.621,0.955,9,Karup,Seatrout
41,0.758,0.611,0.94,10,Karup,Seatrout
42,0.683,0.551,0.848,3,Karup,Seatrout
42,0.651,0.523,0.809,4,Karup,Seatrout
42,0.91,0.732,1.132,5,Karup,Seatrout
42,0.9,0.726,1.117,6,Karup,Seatrout
42,0.871,0.702,1.08,7,Karup,Seatrout
42,0.843,0.68,1.046,8,Karup,Seatrout
42,0.829,0.668,1.028,9,Karup,Seatrout
42,0.815,0.657,1.011,10,Karup,Seatrout
43,0.732,0.59,0.908,3,Karup,Seatrout
43,0.705,0.567,0.877,4,Karup,Seatrout
43,0.978,0.786,1.216,5,Karup,Seatrout
43,0.967,0.78,1.199,6,Karup,Seatrout
43,0.936,0.755,1.161,7,Karup,Seatrout
43,0.907,0.731,1.125,8,Karup,Seatrout
43,0.89,0.718,1.104,9,Karup,Seatrout
43,0.876,0.706,1.086,10,Karup,Seatrout
44,0.782,0.631,0.971,3,Karup,Seatrout
44,0.763,0.613,0.948,4,Karup,Seatrout
44,1.048,0.843,1.303,5,Karup,Seatrout
44,1.037,0.836,1.286,6,Karup,Seatrout
44,1.005,0.81,1.246,7,Karup,Seatrout
44,0.973,0.785,1.207,8,Karup,Seatrout
44,0.954,0.77,1.184,9,Karup,Seatrout
44,0.939,0.757,1.164,10,Karup,Seatrout
45,0.835,0.673,1.036,3,Karup,Seatrout
45,0.824,0.663,1.024,4,Karup,Seatrout
45,1.122,0.902,1.394,5,Karup,Seatrout
45,1.11,0.895,1.376,6,Karup,Seatrout
45,1.076,0.868,1.335,7,Karup,Seatrout
45,1.043,0.841,1.294,8,Karup,Seatrout
45,1.022,0.824,1.267,9,Karup,Seatrout
45,1.005,0.81,1.246,10,Karup,Seatrout
46,0.891,0.718,1.105,3,Karup,Seatrout
46,0.888,0.714,1.103,4,Karup,Seatrout
46,1.199,0.965,1.49,5,Karup,Seatrout
46,1.186,0.956,1.471,6,Karup,Seatrout
46,1.152,0.929,1.428,7,Karup,Seatrout
46,1.117,0.9,1.385,8,Karup,Seatrout
46,1.092,0.881,1.355,9,Karup,Seatrout
46,1.074,0.866,1.332,10,Karup,Seatrout
47,0.948,0.764,1.176,3,Karup,Seatrout
47,0.955,0.769,1.187,4,Karup,Seatrout
47,1.28,1.03,1.59,5,Karup,Seatrout
47,1.266,1.02,1.57,6,Karup,Seatrout
47,1.23,0.992,1.526,7,Karup,Seatrout
47,1.193,0.962,1.48,8,Karup,Seatrout
47,1.166,0.94,1.446,9,Karup,Seatrout
47,1.146,0.924,1.422,10,Karup,Seatrout
48,1.008,0.813,1.25,3,Karup,Seatrout
48,1.027,0.826,1.275,4,Karup,Seatrout
48,1.364,1.098,1.694,5,Karup,Seatrout
48,1.349,1.088,1.673,6,Karup,Seatrout
48,1.313,1.059,1.628,7,Karup,Seatrout
48,1.273,1.027,1.579,8,Karup,Seatrout
48,1.243,1.002,1.542,9,Karup,Seatrout
48,1.222,0.985,1.515,10,Karup,Seatrout
49,1.07,0.863,1.328,3,Karup,Seatrout
49,1.102,0.887,1.368,4,Karup,Seatrout
49,1.452,1.169,1.803,5,Karup,Seatrout
49,1.436,1.158,1.781,6,Karup,Seatrout
49,1.399,1.128,1.735,7,Karup,Seatrout
49,1.357,1.094,1.683,8,Karup,Seatrout
49,1.324,1.067,1.642,9,Karup,Seatrout
49,1.3,1.049,1.613,10,Karup,Seatrout
50,1.135,0.915,1.408,3,Karup,Seatrout
50,1.18,0.95,1.466,4,Karup,Seatrout
50,1.543,1.242,1.916,5,Karup,Seatrout
50,1.526,1.231,1.893,6,Karup,Seatrout
50,1.488,1.2,1.846,7,Karup,Seatrout
50,1.444,1.164,1.791,8,Karup,Seatrout
50,1.407,1.135,1.746,9,Karup,Seatrout
50,1.382,1.115,1.715,10,Karup,Seatrout
51,1.203,0.97,1.492,3,Karup,Seatrout
51,1.263,1.017,1.568,4,Karup,Seatrout
51,1.638,1.319,2.034,5,Karup,Seatrout
51,1.621,1.307,2.01,6,Karup,Seatrout
51,1.582,1.276,1.962,7,Karup,Seatrout
51,1.535,1.238,1.904,8,Karup,Seatrout
51,1.495,1.205,1.854,9,Karup,Seatrout
51,1.468,1.184,1.82,10,Karup,Seatrout
52,1.273,1.026,1.578,3,Karup,Seatrout
52,1.35,1.087,1.676,4,Karup,Seatrout
52,1.738,1.399,2.157,5,Karup,Seatrout
52,1.719,1.386,2.132,6,Karup,Seatrout
52,1.679,1.354,2.082,7,Karup,Seatrout
52,1.63,1.314,2.021,8,Karup,Seatrout
52,1.586,1.279,1.966,9,Karup,Seatrout
52,1.557,1.255,1.931,10,Karup,Seatrout
53,1.345,1.084,1.668,3,Karup,Seatrout
53,1.44,1.16,1.788,4,Karup,Seatrout
53,1.841,1.483,2.285,5,Karup,Seatrout
53,1.821,1.468,2.258,6,Karup,Seatrout
53,1.78,1.436,2.208,7,Karup,Seatrout
53,1.728,1.394,2.143,8,Karup,Seatrout
53,1.68,1.355,2.084,9,Karup,Seatrout
53,1.649,1.33,2.045,10,Karup,Seatrout
54,1.42,1.145,1.762,3,Karup,Seatrout
54,1.535,1.237,1.906,4,Karup,Seatrout
54,1.948,1.569,2.418,5,Karup,Seatrout
54,1.927,1.554,2.39,6,Karup,Seatrout
54,1.886,1.521,2.339,7,Karup,Seatrout
54,1.831,1.476,2.271,8,Karup,Seatrout
54,1.778,1.434,2.205,9,Karup,Seatrout
54,1.745,1.407,2.164,10,Karup,Seatrout
55,1.498,1.208,1.858,3,Karup,Seatrout
55,1.634,1.317,2.029,4,Karup,Seatrout
55,2.059,1.659,2.556,5,Karup,Seatrout
55,2.037,1.642,2.526,6,Karup,Seatrout
55,1.995,1.609,2.474,7,Karup,Seatrout
55,1.938,1.562,2.403,8,Karup,Seatrout
55,1.88,1.516,2.332,9,Karup,Seatrout
55,1.845,1.488,2.288,10,Karup,Seatrout
56,1.579,1.273,1.958,3,Karup,Seatrout
56,1.738,1.401,2.157,4,Karup,Seatrout
56,2.174,1.752,2.699,5,Karup,Seatrout
56,2.151,1.734,2.668,6,Karup,Seatrout
56,2.109,1.701,2.615,7,Karup,Seatrout
56,2.048,1.652,2.54,8,Karup,Seatrout
56,1.986,1.601,2.463,9,Karup,Seatrout
56,1.948,1.571,2.416,10,Karup,Seatrout
57,1.662,1.34,2.062,3,Karup,Seatrout
57,1.847,1.488,2.292,4,Karup,Seatrout
57,2.294,1.849,2.847,5,Karup,Seatrout
57,2.269,1.83,2.815,6,Karup,Seatrout
57,2.227,1.796,2.762,7,Karup,Seatrout
57,2.163,1.744,2.683,8,Karup,Seatrout
57,2.096,1.69,2.599,9,Karup,Seatrout
57,2.056,1.658,2.549,10,Karup,Seatrout
58,1.749,1.41,2.169,3,Karup,Seatrout
58,1.96,1.579,2.432,4,Karup,Seatrout
58,2.418,1.949,3.001,5,Karup,Seatrout
58,2.392,1.929,2.967,6,Karup,Seatrout
58,2.349,1.894,2.913,7,Karup,Seatrout
58,2.283,1.841,2.831,8,Karup,Seatrout
58,2.209,1.782,2.74,9,Karup,Seatrout
58,2.167,1.747,2.687,10,Karup,Seatrout
59,1.838,1.482,2.28,3,Karup,Seatrout
59,2.077,1.674,2.578,4,Karup,Seatrout
59,2.546,2.052,3.16,5,Karup,Seatrout
59,2.519,2.031,3.124,6,Karup,Seatrout
59,2.476,1.997,3.071,7,Karup,Seatrout
59,2.406,1.94,2.984,8,Karup,Seatrout
59,2.327,1.877,2.886,9,Karup,Seatrout
59,2.282,1.84,2.83,10,Karup,Seatrout
60,1.93,1.556,2.394,3,Karup,Seatrout
60,2.2,1.773,2.73,4,Karup,Seatrout
60,2.679,2.16,3.324,5,Karup,Seatrout
60,2.651,2.137,3.287,6,Karup,Seatrout
60,2.607,2.103,3.233,7,Karup,Seatrout
60,2.534,2.044,3.143,8,Karup,Seatrout
60,2.449,1.975,3.037,9,Karup,Seatrout
60,2.401,1.936,2.977,10,Karup,Seatrout
61,2.025,1.633,2.512,3,Karup,Seatrout
61,2.328,1.876,2.888,4,Karup,Seatrout
61,2.817,2.27,3.495,5,Karup,Seatrout
61,2.787,2.247,3.456,6,Karup,Seatrout
61,2.743,2.212,3.402,7,Karup,Seatrout
61,2.667,2.15,3.307,8,Karup,Seatrout
61,2.575,2.077,3.194,9,Karup,Seatrout
61,2.524,2.035,3.13,10,Karup,Seatrout
62,2.124,1.712,2.634,3,Karup,Seatrout
62,2.461,1.984,3.053,4,Karup,Seatrout
62,2.959,2.385,3.671,5,Karup,Seatrout
62,2.927,2.36,3.63,6,Karup,Seatrout
62,2.884,2.326,3.576,7,Karup,Seatrout
62,2.804,2.261,3.477,8,Karup,Seatrout
62,2.706,2.182,3.356,9,Karup,Seatrout
62,2.651,2.138,3.288,10,Karup,Seatrout
63,2.225,1.794,2.759,3,Karup,Seatrout
63,2.599,2.095,3.225,4,Karup,Seatrout
63,3.106,2.504,3.853,5,Karup,Seatrout
63,3.073,2.478,3.81,6,Karup,Seatrout
63,3.029,2.443,3.757,7,Karup,Seatrout
63,2.946,2.375,3.653,8,Karup,Seatrout
63,2.841,2.291,3.523,9,Karup,Seatrout
63,2.783,2.244,3.451,10,Karup,Seatrout
64,2.329,1.878,2.889,3,Karup,Seatrout
64,2.743,2.211,3.403,4,Karup,Seatrout
64,3.257,2.626,4.041,5,Karup,Seatrout
64,3.223,2.598,3.996,6,Karup,Seatrout
64,3.18,2.564,3.943,7,Karup,Seatrout
64,3.093,2.494,3.835,8,Karup,Seatrout
64,2.98,2.403,3.695,9,Karup,Seatrout
64,2.919,2.354,3.62,10,Karup,Seatrout
65,2.437,1.965,3.022,3,Karup,Seatrout
65,2.892,2.331,3.588,4,Karup,Seatrout
65,3.414,2.752,4.235,5,Karup,Seatrout
65,3.377,2.723,4.189,6,Karup,Seatrout
65,3.335,2.689,4.136,7,Karup,Seatrout
65,3.244,2.616,4.023,8,Karup,Seatrout
65,3.124,2.519,3.874,9,Karup,Seatrout
65,3.059,2.467,3.794,10,Karup,Seatrout
66,2.548,2.054,3.16,3,Karup,Seatrout
66,3.047,2.456,3.78,4,Karup,Seatrout
66,3.575,2.882,4.435,5,Karup,Seatrout
66,3.537,2.852,4.387,6,Karup,Seatrout
66,3.495,2.819,4.335,7,Karup,Seatrout
66,3.4,2.742,4.217,8,Karup,Seatrout
66,3.272,2.638,4.058,9,Karup,Seatrout
66,3.204,2.583,3.973,10,Karup,Seatrout
67,2.662,2.146,3.301,3,Karup,Seatrout
67,3.207,2.585,3.979,4,Karup,Seatrout
67,3.742,3.017,4.641,5,Karup,Seatrout
67,3.702,2.985,4.591,6,Karup,Seatrout
67,3.661,2.952,4.54,7,Karup,Seatrout
67,3.562,2.872,4.417,8,Karup,Seatrout
67,3.425,2.762,4.247,9,Karup,Seatrout
67,3.353,2.704,4.158,10,Karup,Seatrout
68,2.779,2.241,3.447,3,Karup,Seatrout
68,3.374,2.719,4.186,4,Karup,Seatrout
68,3.913,3.155,4.854,5,Karup,Seatrout
68,3.872,3.122,4.802,6,Karup,Seatrout
68,3.831,3.09,4.751,7,Karup,Seatrout
68,3.728,3.007,4.624,8,Karup,Seatrout
68,3.583,2.889,4.443,9,Karup,Seatrout
68,3.507,2.828,4.349,10,Karup,Seatrout
69,2.9,2.338,3.596,3,Karup,Seatrout
69,3.546,2.858,4.4,4,Karup,Seatrout
69,4.09,3.298,5.073,5,Karup,Seatrout
69,4.047,3.263,5.019,6,Karup,Seatrout
69,4.007,3.231,4.97,7,Karup,Seatrout
69,3.9,3.145,4.837,8,Karup,Seatrout
69,3.745,3.02,4.644,9,Karup,Seatrout
69,3.665,2.956,4.546,10,Karup,Seatrout
70,3.024,2.438,3.75,3,Karup,Seatrout
70,3.725,3.002,4.621,4,Karup,Seatrout
70,4.272,3.444,5.299,5,Karup,Seatrout
70,4.227,3.408,5.242,6,Karup,Seatrout
70,4.189,3.378,5.194,7,Karup,Seatrout
70,4.077,3.288,5.056,8,Karup,Seatrout
70,3.912,3.155,4.852,9,Karup,Seatrout
70,3.829,3.087,4.748,10,Karup,Seatrout
71,3.151,2.54,3.909,3,Karup,Seatrout
71,3.91,3.151,4.851,4,Karup,Seatrout
71,4.46,3.595,5.531,5,Karup,Seatrout
71,4.412,3.558,5.472,6,Karup,Seatrout
71,4.375,3.528,5.426,7,Karup,Seatrout
71,4.26,3.435,5.283,8,Karup,Seatrout
71,4.085,3.294,5.066,9,Karup,Seatrout
71,3.997,3.223,4.956,10,Karup,Seatrout
72,3.282,2.646,4.071,3,Karup,Seatrout
72,4.101,3.305,5.088,4,Karup,Seatrout
72,4.652,3.751,5.771,5,Karup,Seatrout
72,4.603,3.712,5.709,6,Karup,Seatrout
72,4.568,3.683,5.664,7,Karup,Seatrout
72,4.447,3.586,5.515,8,Karup,Seatrout
72,4.262,3.437,5.286,9,Karup,Seatrout
72,4.169,3.362,5.171,10,Karup,Seatrout
73,3.417,2.754,4.238,3,Karup,Seatrout
73,4.299,3.465,5.334,4,Karup,Seatrout
73,4.851,3.911,6.017,5,Karup,Seatrout
73,4.799,3.87,5.952,6,Karup,Seatrout
73,4.766,3.843,5.91,7,Karup,Seatrout
73,4.641,3.742,5.755,8,Karup,Seatrout
73,4.444,3.584,5.512,9,Karup,Seatrout
73,4.347,3.505,5.391,10,Karup,Seatrout
74,3.555,2.866,4.409,3,Karup,Seatrout
74,4.504,3.629,5.588,4,Karup,Seatrout
74,5.055,4.075,6.27,5,Karup,Seatrout
74,5.001,4.032,6.202,6,Karup,Seatrout
74,4.969,4.007,6.162,7,Karup,Seatrout
74,4.84,3.902,6.002,8,Karup,Seatrout
74,4.632,3.735,5.745,9,Karup,Seatrout
74,4.53,3.653,5.618,10,Karup,Seatrout
75,3.696,2.98,4.585,3,Karup,Seatrout
75,4.715,3.8,5.85,4,Karup,Seatrout
75,5.264,4.244,6.53,5,Karup,Seatrout
75,5.208,4.2,6.46,6,Karup,Seatrout
75,5.179,4.176,6.422,7,Karup,Seatrout
75,5.044,4.067,6.256,8,Karup,Seatrout
75,4.825,3.89,5.984,9,Karup,Seatrout
75,4.718,3.804,5.851,10,Karup,Seatrout
76,3.842,3.097,4.765,3,Karup,Seatrout
76,4.933,3.975,6.121,4,Karup,Seatrout
76,5.48,4.417,6.797,5,Karup,Seatrout
76,5.422,4.371,6.724,6,Karup,Seatrout
76,5.394,4.349,6.689,7,Karup,Seatrout
76,5.255,4.237,6.517,8,Karup,Seatrout
76,5.023,4.05,6.23,9,Karup,Seatrout
76,4.911,3.96,6.091,10,Karup,Seatrout
77,3.991,3.217,4.95,3,Karup,Seatrout
77,5.158,4.157,6.401,4,Karup,Seatrout
77,5.701,4.596,7.071,5,Karup,Seatrout
77,5.64,4.548,6.995,6,Karup,Seatrout
77,5.615,4.528,6.963,7,Karup,Seatrout
77,5.471,4.411,6.785,8,Karup,Seatrout
77,5.227,4.214,6.482,9,Karup,Seatrout
77,5.109,4.12,6.337,10,Karup,Seatrout
78,4.143,3.34,5.14,3,Karup,Seatrout
78,5.391,4.344,6.69,4,Karup,Seatrout
78,5.928,4.779,7.353,5,Karup,Seatrout
78,5.865,4.729,7.274,6,Karup,Seatrout
78,5.842,4.711,7.245,7,Karup,Seatrout
78,5.693,4.59,7.06,8,Karup,Seatrout
78,5.435,4.383,6.741,9,Karup,Seatrout
78,5.313,4.284,6.589,10,Karup,Seatrout
79,4.3,3.466,5.334,3,Karup,Seatrout
79,5.63,4.536,6.988,4,Karup,Seatrout
79,6.161,4.966,7.642,5,Karup,Seatrout
79,6.096,4.915,7.56,6,Karup,Seatrout
79,6.076,4.899,7.535,7,Karup,Seatrout
79,5.921,4.774,7.343,8,Karup,Seatrout
79,5.65,4.556,7.007,9,Karup,Seatrout
79,5.522,4.452,6.848,10,Karup,Seatrout
80,4.46,3.595,5.533,3,Karup,Seatrout
80,5.878,4.735,7.295,4,Karup,Seatrout
80,6.4,5.159,7.939,5,Karup,Seatrout
80,6.332,5.106,7.854,6,Karup,Seatrout
80,6.315,5.092,7.832,7,Karup,Seatrout
80,6.155,4.963,7.634,8,Karup,Seatrout
80,5.87,4.733,7.28,9,Karup,Seatrout
80,5.736,4.625,7.114,10,Karup,Seatrout
81,4.625,3.728,5.737,3,Karup,Seatrout
81,6.132,4.94,7.612,4,Karup,Seatrout
81,6.645,5.356,8.244,5,Karup,Seatrout
81,6.575,5.301,8.155,6,Karup,Seatrout
81,6.561,5.291,8.137,7,Karup,Seatrout
81,6.396,5.157,7.932,8,Karup,Seatrout
81,6.096,4.915,7.561,9,Karup,Seatrout
81,5.956,4.802,7.387,10,Karup,Seatrout
82,4.793,3.863,5.946,3,Karup,Seatrout
82,6.395,5.151,7.938,4,Karup,Seatrout
82,6.896,5.559,8.556,5,Karup,Seatrout
82,6.824,5.502,8.463,6,Karup,Seatrout
82,6.814,5.494,8.45,7,Karup,Seatrout
82,6.643,5.356,8.238,8,Karup,Seatrout
82,6.327,5.102,7.848,9,Karup,Seatrout
82,6.181,4.984,7.666,10,Karup,Seatrout
83,4.965,4.002,6.16,3,Karup,Seatrout
83,6.665,5.369,8.274,4,Karup,Seatrout
83,7.154,5.766,8.876,5,Karup,Seatrout
83,7.079,5.707,8.78,6,Karup,Seatrout
83,7.072,5.703,8.771,7,Karup,Seatrout
83,6.896,5.56,8.552,8,Karup,Seatrout
83,6.565,5.293,8.142,9,Karup,Seatrout
83,6.412,5.17,7.953,10,Karup,Seatrout
84,5.141,4.144,6.379,3,Karup,Seatrout
84,6.943,5.593,8.621,4,Karup,Seatrout
84,7.418,5.979,9.204,5,Karup,Seatrout
84,7.34,5.918,9.104,6,Karup,Seatrout
84,7.338,5.917,9.1,7,Karup,Seatrout
84,7.155,5.769,8.874,8,Karup,Seatrout
84,6.808,5.489,8.444,9,Karup,Seatrout
84,6.649,5.361,8.247,10,Karup,Seatrout
85,5.321,4.289,6.602,3,Karup,Seatrout
85,7.23,5.823,8.977,4,Karup,Seatrout
85,7.689,6.197,9.54,5,Karup,Seatrout
85,7.608,6.134,9.436,6,Karup,Seatrout
85,7.61,6.136,9.437,7,Karup,Seatrout
85,7.421,5.984,9.204,8,Karup,Seatrout
85,7.057,5.69,8.753,9,Karup,Seatrout
85,6.892,5.556,8.548,10,Karup,Seatrout
86,5.506,4.437,6.831,3,Karup,Seatrout
86,7.524,6.06,9.343,4,Karup,Seatrout
86,7.966,6.42,9.884,5,Karup,Seatrout
86,7.882,6.355,9.776,6,Karup,Seatrout
86,7.888,6.36,9.783,7,Karup,Seatrout
86,7.694,6.204,9.542,8,Karup,Seatrout
86,7.313,5.896,9.07,9,Karup,Seatrout
86,7.14,5.756,8.856,10,Karup,Seatrout
87,5.694,4.589,7.065,3,Karup,Seatrout
87,7.828,6.303,9.721,4,Karup,Seatrout
87,8.249,6.648,10.237,5,Karup,Seatrout
87,8.163,6.581,10.124,6,Karup,Seatrout
87,8.174,6.591,10.137,7,Karup,Seatrout
87,7.973,6.429,9.889,8,Karup,Seatrout
87,7.574,6.107,9.395,9,Karup,Seatrout
87,7.394,5.961,9.171,10,Karup,Seatrout
88,5.887,4.744,7.305,3,Karup,Seatrout
88,8.139,6.554,10.108,4,Karup,Seatrout
88,8.54,6.881,10.598,5,Karup,Seatrout
88,8.45,6.813,10.481,6,Karup,Seatrout
88,8.466,6.826,10.5,7,Karup,Seatrout
88,8.259,6.659,10.244,8,Karup,Seatrout
88,7.842,6.322,9.727,9,Karup,Seatrout
88,7.655,6.171,9.494,10,Karup,Seatrout
89,6.084,4.903,7.549,3,Karup,Seatrout
89,8.459,6.811,10.507,4,Karup,Seatrout
89,8.837,7.12,10.967,5,Karup,Seatrout
89,8.744,7.05,10.846,6,Karup,Seatrout
89,8.765,7.068,10.871,7,Karup,Seatrout
89,8.552,6.896,10.607,8,Karup,Seatrout
89,8.116,6.543,10.066,9,Karup,Seatrout
89,7.921,6.386,9.825,10,Karup,Seatrout
90,6.285,5.065,7.799,3,Karup,Seatrout
90,8.788,7.075,10.917,4,Karup,Seatrout
90,9.141,7.365,11.345,5,Karup,Seatrout
90,9.045,7.292,11.219,6,Karup,Seatrout
90,9.072,7.315,11.251,7,Karup,Seatrout
90,8.852,7.137,10.979,8,Karup,Seatrout
90,8.396,6.769,10.414,9,Karup,Seatrout
90,8.193,6.606,10.163,10,Karup,Seatrout
91,6.49,5.23,8.054,3,Karup,Seatrout
91,9.127,7.347,11.338,4,Karup,Seatrout
91,9.452,7.615,11.731,5,Karup,Seatrout
91,9.352,7.54,11.601,6,Karup,Seatrout
91,9.385,7.567,11.64,7,Karup,Seatrout
91,9.159,7.385,11.36,8,Karup,Seatrout
91,8.683,7,10.77,9,Karup,Seatrout
91,8.472,6.83,10.509,10,Karup,Seatrout
92,6.7,5.399,8.315,3,Karup,Seatrout
92,9.474,7.625,11.77,4,Karup,Seatrout
92,9.769,7.871,12.126,5,Karup,Seatrout
92,9.667,7.793,11.991,6,Karup,Seatrout
92,9.706,7.826,12.038,7,Karup,Seatrout
92,9.473,7.638,11.75,8,Karup,Seatrout
92,8.976,7.236,11.134,9,Karup,Seatrout
92,8.757,7.06,10.862,10,Karup,Seatrout
93,6.915,5.572,8.581,3,Karup,Seatrout
93,9.83,7.911,12.214,4,Karup,Seatrout
93,10.094,8.132,12.53,5,Karup,Seatrout
93,9.989,8.053,12.39,6,Karup,Seatrout
93,10.034,8.091,12.445,7,Karup,Seatrout
93,9.795,7.897,12.148,8,Karup,Seatrout
93,9.276,7.478,11.506,9,Karup,Seatrout
93,9.049,7.295,11.224,10,Karup,Seatrout
94,7.133,5.748,8.853,3,Karup,Seatrout
94,10.196,8.205,12.67,4,Karup,Seatrout
94,10.426,8.399,12.944,5,Karup,Seatrout
94,10.317,8.318,12.798,6,Karup,Seatrout
94,10.37,8.361,12.861,7,Karup,Seatrout
94,10.123,8.162,12.556,8,Karup,Seatrout
94,9.582,7.725,11.886,9,Karup,Seatrout
94,9.346,7.535,11.594,10,Karup,Seatrout
95,7.356,5.928,9.13,3,Karup,Seatrout
95,10.571,8.506,13.137,4,Karup,Seatrout
95,10.766,8.672,13.366,5,Karup,Seatrout
95,10.653,8.588,13.214,6,Karup,Seatrout
95,10.713,8.638,13.286,7,Karup,Seatrout
95,10.459,8.433,12.972,8,Karup,Seatrout
95,9.895,7.977,12.274,9,Karup,Seatrout
95,9.651,7.78,11.971,10,Karup,Seatrout
96,7.584,6.111,9.413,3,Karup,Seatrout
96,10.956,8.815,13.617,4,Karup,Seatrout
96,11.112,8.95,13.797,5,Karup,Seatrout
96,10.996,8.865,13.64,6,Karup,Seatrout
96,11.063,8.92,13.721,7,Karup,Seatrout
96,10.802,8.709,13.398,8,Karup,Seatrout
96,10.215,8.235,12.671,9,Karup,Seatrout
96,9.961,8.03,12.357,10,Karup,Seatrout
97,7.817,6.298,9.701,3,Karup,Seatrout
97,11.351,9.132,14.109,4,Karup,Seatrout
97,11.466,9.235,14.237,5,Karup,Seatrout
97,11.347,9.147,14.075,6,Karup,Seatrout
97,11.421,9.209,14.166,7,Karup,Seatrout
97,11.153,8.992,13.834,8,Karup,Seatrout
97,10.542,8.498,13.077,9,Karup,Seatrout
97,10.279,8.286,12.751,10,Karup,Seatrout
98,8.053,6.488,9.996,3,Karup,Seatrout
98,11.755,9.456,14.613,4,Karup,Seatrout
98,11.828,9.525,14.687,5,Karup,Seatrout
98,11.704,9.435,14.519,6,Karup,Seatrout
98,11.787,9.504,14.62,7,Karup,Seatrout
98,11.512,9.281,14.278,8,Karup,Seatrout
98,10.875,8.767,13.491,9,Karup,Seatrout
98,10.603,8.547,13.153,10,Karup,Seatrout
99,8.295,6.683,10.296,3,Karup,Seatrout
99,12.17,9.789,15.131,4,Karup,Seatrout
99,12.197,9.822,15.147,5,Karup,Seatrout
99,12.07,9.73,14.972,6,Karup,Seatrout
99,12.161,9.805,15.083,7,Karup,Seatrout
99,11.878,9.576,14.733,8,Karup,Seatrout
99,11.216,9.042,13.914,9,Karup,Seatrout
99,10.934,8.814,13.564,10,Karup,Seatrout
100,8.541,6.881,10.602,3,Karup,Seatrout
100,12.595,10.13,15.661,4,Karup,Seatrout
100,12.574,10.124,15.616,5,Karup,Seatrout
100,12.443,10.03,15.435,6,Karup,Seatrout
100,12.543,10.113,15.557,7,Karup,Seatrout
100,12.252,9.878,15.197,8,Karup,Seatrout
100,11.564,9.322,14.345,9,Karup,Seatrout
100,11.272,9.086,13.983,10,Karup,Seatrout
101,8.792,7.083,10.914,3,Karup,Seatrout
101,13.031,10.479,16.204,4,Karup,Seatrout
101,12.958,10.433,16.094,5,Karup,Seatrout
101,12.823,10.337,15.907,6,Karup,Seatrout
101,12.933,10.427,16.04,7,Karup,Seatrout
101,12.634,10.186,15.671,8,Karup,Seatrout
101,11.919,9.608,14.786,9,Karup,Seatrout
101,11.616,9.364,14.411,10,Karup,Seatrout
102,9.048,7.289,11.232,3,Karup,Seatrout
102,13.477,10.836,16.76,4,Karup,Seatrout
102,13.35,10.748,16.583,5,Karup,Seatrout
102,13.211,10.65,16.389,6,Karup,Seatrout
102,13.33,10.748,16.534,7,Karup,Seatrout
102,13.024,10.5,16.154,8,Karup,Seatrout
102,12.281,9.9,15.235,9,Karup,Seatrout
102,11.968,9.647,14.847,10,Karup,Seatrout
103,9.309,7.499,11.556,3,Karup,Seatrout
103,13.933,11.202,17.33,4,Karup,Seatrout
103,13.75,11.069,17.081,5,Karup,Seatrout
103,13.607,10.969,16.88,6,Karup,Seatrout
103,13.736,11.075,17.037,7,Karup,Seatrout
103,13.422,10.821,16.648,8,Karup,Seatrout
103,12.65,10.197,15.694,9,Karup,Seatrout
103,12.327,9.936,15.293,10,Karup,Seatrout
104,9.575,7.713,11.886,3,Karup,Seatrout
104,14.401,11.577,17.914,4,Karup,Seatrout
104,14.158,11.397,17.589,5,Karup,Seatrout
104,14.011,11.294,17.382,6,Karup,Seatrout
104,14.151,11.409,17.551,7,Karup,Seatrout
104,13.828,11.148,17.152,8,Karup,Seatrout
104,13.027,10.501,16.162,9,Karup,Seatrout
104,12.693,10.231,15.747,10,Karup,Seatrout
40,0.51,0.404,0.643,4,Skjern,Salmon
40,0.71,0.562,0.898,5,Skjern,Salmon
40,0.788,0.624,0.994,6,Skjern,Salmon
40,0.652,0.518,0.822,7,Skjern,Salmon
40,0.59,0.471,0.74,8,Skjern,Salmon
40,0.555,0.443,0.696,9,Skjern,Salmon
40,0.548,0.432,0.695,10,Skjern,Salmon
41,0.552,0.438,0.697,4,Skjern,Salmon
41,0.762,0.603,0.963,5,Skjern,Salmon
41,0.842,0.668,1.061,6,Skjern,Salmon
41,0.701,0.557,0.882,7,Skjern,Salmon
41,0.636,0.507,0.797,8,Skjern,Salmon
41,0.599,0.477,0.751,9,Skjern,Salmon
41,0.592,0.467,0.749,10,Skjern,Salmon
42,0.597,0.474,0.753,4,Skjern,Salmon
42,0.816,0.646,1.03,5,Skjern,Salmon
42,0.898,0.713,1.132,6,Skjern,Salmon
42,0.752,0.597,0.946,7,Skjern,Salmon
42,0.684,0.546,0.856,8,Skjern,Salmon
42,0.644,0.514,0.808,9,Skjern,Salmon
42,0.638,0.504,0.807,10,Skjern,Salmon
43,0.645,0.512,0.812,4,Skjern,Salmon
43,0.873,0.691,1.101,5,Skjern,Salmon
43,0.957,0.76,1.205,6,Skjern,Salmon
43,0.805,0.64,1.013,7,Skjern,Salmon
43,0.734,0.586,0.919,8,Skjern,Salmon
43,0.693,0.553,0.868,9,Skjern,Salmon
43,0.686,0.543,0.867,10,Skjern,Salmon
44,0.695,0.552,0.875,4,Skjern,Salmon
44,0.932,0.739,1.175,5,Skjern,Salmon
44,1.018,0.808,1.281,6,Skjern,Salmon
44,0.861,0.685,1.082,7,Skjern,Salmon
44,0.786,0.628,0.985,8,Skjern,Salmon
44,0.743,0.593,0.931,9,Skjern,Salmon
44,0.737,0.583,0.93,10,Skjern,Salmon
45,0.747,0.593,0.94,4,Skjern,Salmon
45,0.993,0.788,1.252,5,Skjern,Salmon
45,1.081,0.859,1.36,6,Skjern,Salmon
45,0.919,0.731,1.155,7,Skjern,Salmon
45,0.841,0.672,1.054,8,Skjern,Salmon
45,0.796,0.635,0.997,9,Skjern,Salmon
45,0.79,0.626,0.996,10,Skjern,Salmon
46,0.802,0.637,1.009,4,Skjern,Salmon
46,1.057,0.839,1.332,5,Skjern,Salmon
46,1.147,0.912,1.443,6,Skjern,Salmon
46,0.98,0.78,1.231,7,Skjern,Salmon
46,0.899,0.718,1.125,8,Skjern,Salmon
46,0.851,0.68,1.066,9,Skjern,Salmon
46,0.845,0.671,1.065,10,Skjern,Salmon
47,0.86,0.684,1.082,4,Skjern,Salmon
47,1.124,0.893,1.416,5,Skjern,Salmon
47,1.215,0.966,1.528,6,Skjern,Salmon
47,1.043,0.83,1.31,7,Skjern,Salmon
47,0.959,0.766,1.2,8,Skjern,Salmon
47,0.909,0.726,1.139,9,Skjern,Salmon
47,0.904,0.718,1.138,10,Skjern,Salmon
48,0.921,0.732,1.158,4,Skjern,Salmon
48,1.194,0.948,1.503,5,Skjern,Salmon
48,1.286,1.023,1.616,6,Skjern,Salmon
48,1.109,0.883,1.392,7,Skjern,Salmon
48,1.022,0.816,1.279,8,Skjern,Salmon
48,0.97,0.774,1.215,9,Skjern,Salmon
48,0.965,0.766,1.214,10,Skjern,Salmon
49,0.984,0.783,1.238,4,Skjern,Salmon
49,1.266,1.006,1.593,5,Skjern,Salmon
49,1.359,1.082,1.708,6,Skjern,Salmon
49,1.178,0.938,1.478,7,Skjern,Salmon
49,1.087,0.868,1.361,8,Skjern,Salmon
49,1.033,0.825,1.294,9,Skjern,Salmon
49,1.028,0.818,1.293,10,Skjern,Salmon
50,1.051,0.836,1.321,4,Skjern,Salmon
50,1.341,1.066,1.687,5,Skjern,Salmon
50,1.435,1.142,1.802,6,Skjern,Salmon
50,1.249,0.995,1.567,7,Skjern,Salmon
50,1.155,0.923,1.446,8,Skjern,Salmon
50,1.099,0.878,1.376,9,Skjern,Salmon
50,1.095,0.871,1.376,10,Skjern,Salmon
51,1.121,0.892,1.408,4,Skjern,Salmon
51,1.419,1.128,1.784,5,Skjern,Salmon
51,1.513,1.205,1.9,6,Skjern,Salmon
51,1.323,1.055,1.66,7,Skjern,Salmon
51,1.226,0.979,1.534,8,Skjern,Salmon
51,1.168,0.933,1.462,9,Skjern,Salmon
51,1.164,0.927,1.462,10,Skjern,Salmon
52,1.194,0.95,1.499,4,Skjern,Salmon
52,1.499,1.193,1.885,5,Skjern,Salmon
52,1.594,1.27,2.002,6,Skjern,Salmon
52,1.4,1.116,1.756,7,Skjern,Salmon
52,1.3,1.038,1.626,8,Skjern,Salmon
52,1.239,0.99,1.551,9,Skjern,Salmon
52,1.236,0.985,1.552,10,Skjern,Salmon
53,1.27,1.011,1.594,4,Skjern,Salmon
53,1.583,1.26,1.989,5,Skjern,Salmon
53,1.678,1.337,2.106,6,Skjern,Salmon
53,1.48,1.18,1.856,7,Skjern,Salmon
53,1.376,1.1,1.722,8,Skjern,Salmon
53,1.314,1.049,1.644,9,Skjern,Salmon
53,1.311,1.045,1.646,10,Skjern,Salmon
54,1.349,1.075,1.693,4,Skjern,Salmon
54,1.67,1.329,2.097,5,Skjern,Salmon
54,1.765,1.406,2.214,6,Skjern,Salmon
54,1.563,1.247,1.959,7,Skjern,Salmon
54,1.456,1.164,1.822,8,Skjern,Salmon
54,1.391,1.111,1.741,9,Skjern,Salmon
54,1.39,1.108,1.743,10,Skjern,Salmon
55,1.432,1.141,1.797,4,Skjern,Salmon
55,1.759,1.401,2.209,5,Skjern,Salmon
55,1.854,1.478,2.325,6,Skjern,Salmon
55,1.649,1.315,2.066,7,Skjern,Salmon
55,1.539,1.23,1.925,8,Skjern,Salmon
55,1.471,1.176,1.841,9,Skjern,Salmon
55,1.471,1.173,1.845,10,Skjern,Salmon
56,1.518,1.21,1.904,4,Skjern,Salmon
56,1.852,1.475,2.325,5,Skjern,Salmon
56,1.946,1.552,2.44,6,Skjern,Salmon
56,1.737,1.387,2.177,7,Skjern,Salmon
56,1.624,1.298,2.032,8,Skjern,Salmon
56,1.555,1.242,1.945,9,Skjern,Salmon
56,1.556,1.241,1.95,10,Skjern,Salmon
57,1.607,1.281,2.016,4,Skjern,Salmon
57,1.948,1.552,2.445,5,Skjern,Salmon
57,2.041,1.628,2.559,6,Skjern,Salmon
57,1.829,1.46,2.292,7,Skjern,Salmon
57,1.713,1.369,2.143,8,Skjern,Salmon
57,1.641,1.312,2.053,9,Skjern,Salmon
57,1.643,1.311,2.059,10,Skjern,Salmon
58,1.701,1.356,2.133,4,Skjern,Salmon
58,2.047,1.631,2.568,5,Skjern,Salmon
58,2.138,1.706,2.68,6,Skjern,Salmon
58,1.924,1.536,2.41,7,Skjern,Salmon
58,1.805,1.443,2.258,8,Skjern,Salmon
58,1.731,1.384,2.166,9,Skjern,Salmon
58,1.734,1.385,2.173,10,Skjern,Salmon
59,1.797,1.434,2.254,4,Skjern,Salmon
59,2.149,1.713,2.696,5,Skjern,Salmon
59,2.239,1.786,2.806,6,Skjern,Salmon
59,2.022,1.615,2.533,7,Skjern,Salmon
59,1.9,1.519,2.377,8,Skjern,Salmon
59,1.824,1.458,2.282,9,Skjern,Salmon
59,1.829,1.46,2.29,10,Skjern,Salmon
60,1.898,1.514,2.379,4,Skjern,Salmon
60,2.254,1.797,2.827,5,Skjern,Salmon
60,2.342,1.869,2.935,6,Skjern,Salmon
60,2.124,1.696,2.659,7,Skjern,Salmon
60,1.999,1.598,2.5,8,Skjern,Salmon
60,1.92,1.535,2.402,9,Skjern,Salmon
60,1.927,1.539,2.412,10,Skjern,Salmon
61,2.003,1.598,2.51,4,Skjern,Salmon
61,2.363,1.884,2.963,5,Skjern,Salmon
61,2.449,1.955,3.068,6,Skjern,Salmon
61,2.229,1.78,2.79,7,Skjern,Salmon
61,2.101,1.679,2.628,8,Skjern,Salmon
61,2.02,1.615,2.527,9,Skjern,Salmon
61,2.028,1.62,2.539,10,Skjern,Salmon
62,2.111,1.685,2.645,4,Skjern,Salmon
62,2.475,1.974,3.103,5,Skjern,Salmon
62,2.558,2.042,3.204,6,Skjern,Salmon
62,2.337,1.867,2.925,7,Skjern,Salmon
62,2.206,1.764,2.759,8,Skjern,Salmon
62,2.123,1.697,2.656,9,Skjern,Salmon
62,2.133,1.704,2.67,10,Skjern,Salmon
63,2.223,1.774,2.786,4,Skjern,Salmon
63,2.59,2.067,3.247,5,Skjern,Salmon
63,2.671,2.132,3.345,6,Skjern,Salmon
63,2.448,1.956,3.064,7,Skjern,Salmon
63,2.315,1.851,2.895,8,Skjern,Salmon
63,2.229,1.782,2.789,9,Skjern,Salmon
63,2.241,1.791,2.805,10,Skjern,Salmon
64,2.34,1.868,2.931,4,Skjern,Salmon
64,2.709,2.162,3.395,5,Skjern,Salmon
64,2.786,2.225,3.489,6,Skjern,Salmon
64,2.563,2.048,3.208,7,Skjern,Salmon
64,2.427,1.941,3.036,8,Skjern,Salmon
64,2.34,1.87,2.926,9,Skjern,Salmon
64,2.353,1.881,2.945,10,Skjern,Salmon
65,2.46,1.964,3.082,4,Skjern,Salmon
65,2.832,2.26,3.548,5,Skjern,Salmon
65,2.905,2.32,3.637,6,Skjern,Salmon
65,2.681,2.143,3.356,7,Skjern,Salmon
65,2.543,2.033,3.181,8,Skjern,Salmon
65,2.453,1.961,3.068,9,Skjern,Salmon
65,2.469,1.973,3.09,10,Skjern,Salmon
66,2.585,2.064,3.238,4,Skjern,Salmon
66,2.957,2.361,3.705,5,Skjern,Salmon
66,3.026,2.417,3.789,6,Skjern,Salmon
66,2.803,2.24,3.508,7,Skjern,Salmon
66,2.663,2.129,3.33,8,Skjern,Salmon
66,2.571,2.055,3.215,9,Skjern,Salmon
66,2.589,2.069,3.239,10,Skjern,Salmon
67,2.714,2.168,3.399,4,Skjern,Salmon
67,3.087,2.465,3.866,5,Skjern,Salmon
67,3.151,2.517,3.944,6,Skjern,Salmon
67,2.929,2.341,3.664,7,Skjern,Salmon
67,2.786,2.227,3.484,8,Skjern,Salmon
67,2.692,2.152,3.367,9,Skjern,Salmon
67,2.713,2.168,3.394,10,Skjern,Salmon
68,2.848,2.274,3.566,4,Skjern,Salmon
68,3.22,2.571,4.033,5,Skjern,Salmon
68,3.279,2.62,4.104,6,Skjern,Salmon
68,3.058,2.444,3.826,7,Skjern,Salmon
68,2.913,2.329,3.643,8,Skjern,Salmon
68,2.817,2.252,3.523,9,Skjern,Salmon
68,2.84,2.27,3.553,10,Skjern,Salmon
69,2.986,2.385,3.738,4,Skjern,Salmon
69,3.357,2.681,4.203,5,Skjern,Salmon
69,3.41,2.725,4.268,6,Skjern,Salmon
69,3.191,2.55,3.992,7,Skjern,Salmon
69,3.043,2.433,3.806,8,Skjern,Salmon
69,2.945,2.355,3.684,9,Skjern,Salmon
69,2.972,2.375,3.718,10,Skjern,Salmon
70,3.128,2.499,3.916,4,Skjern,Salmon
70,3.497,2.793,4.379,5,Skjern,Salmon
70,3.545,2.833,4.436,6,Skjern,Salmon
70,3.327,2.659,4.162,7,Skjern,Salmon
70,3.178,2.541,3.975,8,Skjern,Salmon
70,3.078,2.461,3.85,9,Skjern,Salmon
70,3.107,2.483,3.888,10,Skjern,Salmon
71,3.276,2.617,4.1,4,Skjern,Salmon
71,3.641,2.909,4.559,5,Skjern,Salmon
71,3.682,2.943,4.608,6,Skjern,Salmon
71,3.467,2.772,4.338,7,Skjern,Salmon
71,3.317,2.652,4.148,8,Skjern,Salmon
71,3.215,2.57,4.02,9,Skjern,Salmon
71,3.247,2.595,4.063,10,Skjern,Salmon
72,3.428,2.739,4.29,4,Skjern,Salmon
72,3.79,3.027,4.743,5,Skjern,Salmon
72,3.824,3.056,4.784,6,Skjern,Salmon
72,3.611,2.887,4.518,7,Skjern,Salmon
72,3.459,2.766,4.326,8,Skjern,Salmon
72,3.355,2.683,4.196,9,Skjern,Salmon
72,3.391,2.71,4.243,10,Skjern,Salmon
73,3.584,2.864,4.486,4,Skjern,Salmon
73,3.941,3.149,4.933,5,Skjern,Salmon
73,3.968,3.171,4.965,6,Skjern,Salmon
73,3.759,3.005,4.703,7,Skjern,Salmon
73,3.606,2.883,4.509,8,Skjern,Salmon
73,3.5,2.798,4.377,9,Skjern,Salmon
73,3.539,2.828,4.429,10,Skjern,Salmon
74,3.746,2.993,4.688,4,Skjern,Salmon
74,4.097,3.274,5.128,5,Skjern,Salmon
74,4.116,3.29,5.149,6,Skjern,Salmon
74,3.911,3.127,4.893,7,Skjern,Salmon
74,3.756,3.004,4.698,8,Skjern,Salmon
74,3.649,2.917,4.563,9,Skjern,Salmon
74,3.691,2.949,4.62,10,Skjern,Salmon
75,3.913,3.127,4.896,4,Skjern,Salmon
75,4.257,3.402,5.327,5,Skjern,Salmon
75,4.267,3.411,5.338,6,Skjern,Salmon
75,4.067,3.252,5.088,7,Skjern,Salmon
75,3.911,3.127,4.891,8,Skjern,Salmon
75,3.802,3.04,4.755,9,Skjern,Salmon
75,3.848,3.074,4.817,10,Skjern,Salmon
76,4.084,3.264,5.11,4,Skjern,Salmon
76,4.421,3.533,5.531,5,Skjern,Salmon
76,4.422,3.535,5.531,6,Skjern,Salmon
76,4.227,3.38,5.288,7,Skjern,Salmon
76,4.07,3.254,5.09,8,Skjern,Salmon
76,3.959,3.165,4.952,9,Skjern,Salmon
76,4.009,3.203,5.019,10,Skjern,Salmon
77,4.261,3.406,5.331,4,Skjern,Salmon
77,4.588,3.667,5.741,5,Skjern,Salmon
77,4.58,3.661,5.729,6,Skjern,Salmon
77,4.391,3.511,5.493,7,Skjern,Salmon
77,4.233,3.385,5.294,8,Skjern,Salmon
77,4.121,3.295,5.154,9,Skjern,Salmon
77,4.175,3.335,5.228,10,Skjern,Salmon
78,4.443,3.551,5.559,4,Skjern,Salmon
78,4.76,3.805,5.956,5,Skjern,Salmon
78,4.741,3.79,5.931,6,Skjern,Salmon
78,4.559,3.645,5.703,7,Skjern,Salmon
78,4.401,3.519,5.504,8,Skjern,Salmon
78,4.287,3.427,5.361,9,Skjern,Salmon
78,4.346,3.47,5.442,10,Skjern,Salmon
79,4.63,3.701,5.793,4,Skjern,Salmon
79,4.936,3.946,6.175,5,Skjern,Salmon
79,4.906,3.923,6.137,6,Skjern,Salmon
79,4.732,3.783,5.918,7,Skjern,Salmon
79,4.573,3.656,5.719,8,Skjern,Salmon
79,4.457,3.563,5.575,9,Skjern,Salmon
79,4.521,3.61,5.662,10,Skjern,Salmon
80,4.823,3.855,6.033,4,Skjern,Salmon
80,5.116,4.09,6.4,5,Skjern,Salmon
80,5.075,4.058,6.348,6,Skjern,Salmon
80,4.908,3.924,6.139,7,Skjern,Salmon
80,4.749,3.797,5.94,8,Skjern,Salmon
80,4.632,3.703,5.794,9,Skjern,Salmon
80,4.701,3.752,5.888,10,Skjern,Salmon
81,5.021,4.014,6.281,4,Skjern,Salmon
81,5.301,4.237,6.631,5,Skjern,Salmon
81,5.247,4.195,6.563,6,Skjern,Salmon
81,5.089,4.068,6.366,7,Skjern,Salmon
81,4.93,3.942,6.166,8,Skjern,Salmon
81,4.811,3.847,6.018,9,Skjern,Salmon
81,4.885,3.899,6.121,10,Skjern,Salmon
82,5.225,4.177,6.536,4,Skjern,Salmon
82,5.489,4.388,6.866,5,Skjern,Salmon
82,5.423,4.336,6.783,6,Skjern,Salmon
82,5.274,4.216,6.597,7,Skjern,Salmon
82,5.115,4.09,6.398,8,Skjern,Salmon
82,4.996,3.994,6.249,9,Skjern,Salmon
82,5.075,4.049,6.359,10,Skjern,Salmon
83,5.434,4.345,6.797,4,Skjern,Salmon
83,5.682,4.543,7.107,5,Skjern,Salmon
83,5.603,4.48,7.008,6,Skjern,Salmon
83,5.464,4.368,6.834,7,Skjern,Salmon
83,5.305,4.242,6.636,8,Skjern,Salmon
83,5.184,4.145,6.485,9,Skjern,Salmon
83,5.269,4.203,6.604,10,Skjern,Salmon
84,5.649,4.517,7.066,4,Skjern,Salmon
84,5.879,4.7,7.354,5,Skjern,Salmon
84,5.786,4.626,7.237,6,Skjern,Salmon
84,5.657,4.522,7.077,7,Skjern,Salmon
84,5.5,4.397,6.879,8,Skjern,Salmon
84,5.378,4.299,6.728,9,Skjern,Salmon
84,5.468,4.361,6.856,10,Skjern,Salmon
85,5.87,4.694,7.342,4,Skjern,Salmon
85,6.081,4.862,7.606,5,Skjern,Salmon
85,5.973,4.776,7.471,6,Skjern,Salmon
85,5.856,4.681,7.326,7,Skjern,Salmon
85,5.699,4.557,7.129,8,Skjern,Salmon
85,5.576,4.458,6.976,9,Skjern,Salmon
85,5.673,4.523,7.114,10,Skjern,Salmon
86,6.097,4.875,7.626,4,Skjern,Salmon
86,6.287,5.027,7.863,5,Skjern,Salmon
86,6.164,4.928,7.71,6,Skjern,Salmon
86,6.059,4.843,7.58,7,Skjern,Salmon
86,5.903,4.72,7.384,8,Skjern,Salmon
86,5.78,4.62,7.231,9,Skjern,Salmon
86,5.882,4.689,7.378,10,Skjern,Salmon
87,6.33,5.061,7.917,4,Skjern,Salmon
87,6.497,5.195,8.126,5,Skjern,Salmon
87,6.359,5.084,7.953,6,Skjern,Salmon
87,6.266,5.008,7.839,7,Skjern,Salmon
87,6.112,4.887,7.645,8,Skjern,Salmon
87,5.988,4.786,7.491,9,Skjern,Salmon
87,6.097,4.859,7.65,10,Skjern,Salmon
88,6.569,5.252,8.216,4,Skjern,Salmon
88,6.712,5.367,8.395,5,Skjern,Salmon
88,6.557,5.242,8.201,6,Skjern,Salmon
88,6.478,5.178,8.105,7,Skjern,Salmon
88,6.326,5.057,7.913,8,Skjern,Salmon
88,6.201,4.956,7.758,9,Skjern,Salmon
88,6.317,5.033,7.928,10,Skjern,Salmon
89,6.814,5.448,8.522,4,Skjern,Salmon
89,6.932,5.543,8.67,5,Skjern,Salmon
89,6.759,5.404,8.454,6,Skjern,Salmon
89,6.695,5.351,8.377,7,Skjern,Salmon
89,6.545,5.232,8.187,8,Skjern,Salmon
89,6.419,5.131,8.032,9,Skjern,Salmon
89,6.542,5.211,8.213,10,Skjern,Salmon
90,7.065,5.649,8.836,4,Skjern,Salmon
90,7.156,5.722,8.95,5,Skjern,Salmon
90,6.965,5.569,8.712,6,Skjern,Salmon
90,6.916,5.527,8.654,7,Skjern,Salmon
90,6.769,5.411,8.467,8,Skjern,Salmon
90,6.643,5.309,8.311,9,Skjern,Salmon
90,6.772,5.393,8.505,10,Skjern,Salmon
91,7.323,5.855,9.158,4,Skjern,Salmon
91,7.385,5.905,9.236,5,Skjern,Salmon
91,7.175,5.736,8.975,6,Skjern,Salmon
91,7.142,5.708,8.938,7,Skjern,Salmon
91,6.997,5.594,8.753,8,Skjern,Salmon
91,6.871,5.491,8.598,9,Skjern,Salmon
91,7.008,5.579,8.804,10,Skjern,Salmon
92,7.587,6.067,9.489,4,Skjern,Salmon
92,7.619,6.091,9.529,5,Skjern,Salmon
92,7.389,5.907,9.243,6,Skjern,Salmon
92,7.373,5.892,9.227,7,Skjern,Salmon
92,7.231,5.78,9.046,8,Skjern,Salmon
92,7.105,5.678,8.89,9,Skjern,Salmon
92,7.25,5.77,9.11,10,Skjern,Salmon
93,7.858,6.283,9.827,4,Skjern,Salmon
93,7.857,6.282,9.827,5,Skjern,Salmon
93,7.607,6.081,9.516,6,Skjern,Salmon
93,7.609,6.08,9.523,7,Skjern,Salmon
93,7.47,5.971,9.345,8,Skjern,Salmon
93,7.344,5.869,9.19,9,Skjern,Salmon
93,7.497,5.965,9.423,10,Skjern,Salmon
94,8.135,6.505,10.174,4,Skjern,Salmon
94,8.1,6.476,10.131,5,Skjern,Salmon
94,7.829,6.258,9.793,6,Skjern,Salmon
94,7.85,6.272,9.825,7,Skjern,Salmon
94,7.714,6.166,9.651,8,Skjern,Salmon
94,7.588,6.064,9.496,9,Skjern,Salmon
94,7.75,6.164,9.744,10,Skjern,Salmon
95,8.419,6.732,10.529,4,Skjern,Salmon
95,8.348,6.674,10.441,5,Skjern,Salmon
95,8.055,6.439,10.076,6,Skjern,Salmon
95,8.095,6.467,10.133,7,Skjern,Salmon
95,7.964,6.366,9.964,8,Skjern,Salmon
95,7.838,6.263,9.809,9,Skjern,Salmon
95,8.008,6.367,10.072,10,Skjern,Salmon
96,8.709,6.964,10.892,4,Skjern,Salmon
96,8.601,6.876,10.758,5,Skjern,Salmon
96,8.285,6.622,10.364,6,Skjern,Salmon
96,8.346,6.667,10.447,7,Skjern,Salmon
96,8.219,6.569,10.283,8,Skjern,Salmon
96,8.093,6.467,10.129,9,Skjern,Salmon
96,8.273,6.575,10.408,10,Skjern,Salmon
97,9.007,7.202,11.265,4,Skjern,Salmon
97,8.858,7.082,11.08,5,Skjern,Salmon
97,8.519,6.809,10.657,6,Skjern,Salmon
97,8.602,6.871,10.768,7,Skjern,Salmon
97,8.479,6.777,10.609,8,Skjern,Salmon
97,8.354,6.675,10.456,9,Skjern,Salmon
97,8.543,6.788,10.752,10,Skjern,Salmon
98,9.311,7.445,11.646,4,Skjern,Salmon
98,9.121,7.292,11.409,5,Skjern,Salmon
98,8.757,6.999,10.956,6,Skjern,Salmon
98,8.862,7.079,11.096,7,Skjern,Salmon
98,8.745,6.989,10.942,8,Skjern,Salmon
98,8.621,6.887,10.79,9,Skjern,Salmon
98,8.819,7.005,11.103,10,Skjern,Salmon
99,9.623,7.694,12.036,4,Skjern,Salmon
99,9.389,7.506,11.744,5,Skjern,Salmon
99,8.999,7.192,11.259,6,Skjern,Salmon
99,9.128,7.29,11.43,7,Skjern,Salmon
99,9.016,7.205,11.281,8,Skjern,Salmon
99,8.893,7.104,11.131,9,Skjern,Salmon
99,9.101,7.226,11.462,10,Skjern,Salmon
100,9.942,7.949,12.434,4,Skjern,Salmon
100,9.662,7.723,12.086,5,Skjern,Salmon
100,9.245,7.389,11.568,6,Skjern,Salmon
100,9.399,7.506,11.77,7,Skjern,Salmon
100,9.293,7.426,11.628,8,Skjern,Salmon
100,9.171,7.326,11.48,9,Skjern,Salmon
100,9.389,7.452,11.829,10,Skjern,Salmon
101,10.268,8.209,12.842,4,Skjern,Salmon
101,9.939,7.945,12.434,5,Skjern,Salmon
101,9.496,7.588,11.883,6,Skjern,Salmon
101,9.676,7.726,12.117,7,Skjern,Salmon
101,9.575,7.652,11.982,8,Skjern,Salmon
101,9.454,7.552,11.835,9,Skjern,Salmon
101,9.683,7.683,12.204,10,Skjern,Salmon
102,10.601,8.475,13.259,4,Skjern,Salmon
102,10.222,8.171,12.788,5,Skjern,Salmon
102,9.751,7.792,12.202,6,Skjern,Salmon
102,9.957,7.95,12.471,7,Skjern,Salmon
102,9.863,7.882,12.343,8,Skjern,Salmon
102,9.744,7.783,12.198,9,Skjern,Salmon
102,9.983,7.918,12.587,10,Skjern,Salmon
103,10.941,8.747,13.686,4,Skjern,Salmon
103,10.51,8.401,13.149,5,Skjern,Salmon
103,10.01,7.998,12.527,6,Skjern,Salmon
103,10.244,8.179,12.831,7,Skjern,Salmon
103,10.157,8.116,12.711,8,Skjern,Salmon
103,10.039,8.018,12.569,9,Skjern,Salmon
103,10.29,8.158,12.978,10,Skjern,Salmon
104,11.289,9.025,14.122,4,Skjern,Salmon
104,10.804,8.635,13.517,5,Skjern,Salmon
104,10.273,8.208,12.857,6,Skjern,Salmon
104,10.536,8.411,13.199,7,Skjern,Salmon
104,10.456,8.355,13.086,8,Skjern,Salmon
104,10.34,8.258,12.947,9,Skjern,Salmon
104,10.603,8.403,13.378,10,Skjern,Salmon
105,11.645,9.309,14.567,4,Skjern,Salmon
105,11.102,8.873,13.891,5,Skjern,Salmon
105,10.541,8.421,13.193,6,Skjern,Salmon
105,10.834,8.648,13.573,7,Skjern,Salmon
105,10.762,8.599,13.469,8,Skjern,Salmon
105,10.648,8.503,13.333,9,Skjern,Salmon
105,10.922,8.653,13.786,10,Skjern,Salmon
106,12.009,9.6,15.022,4,Skjern,Salmon
106,11.406,9.116,14.272,5,Skjern,Salmon
106,10.813,8.638,13.534,6,Skjern,Salmon
106,11.137,8.889,13.954,7,Skjern,Salmon
106,11.073,8.847,13.859,8,Skjern,Salmon
106,10.961,8.753,13.726,9,Skjern,Salmon
106,11.248,8.908,14.203,10,Skjern,Salmon
107,12.38,9.896,15.487,4,Skjern,Salmon
107,11.715,9.362,14.66,5,Skjern,Salmon
107,11.089,8.858,13.881,6,Skjern,Salmon
107,11.446,9.135,14.342,7,Skjern,Salmon
107,11.39,9.1,14.257,8,Skjern,Salmon
107,11.281,9.008,14.127,9,Skjern,Salmon
107,11.58,9.167,14.628,10,Skjern,Salmon
108,12.759,10.198,15.962,4,Skjern,Salmon
108,12.03,9.613,15.055,5,Skjern,Salmon
108,11.37,9.082,14.234,6,Skjern,Salmon
108,11.76,9.385,14.738,7,Skjern,Salmon
108,11.714,9.358,14.662,8,Skjern,Salmon
108,11.606,9.267,14.536,9,Skjern,Salmon
108,11.919,9.432,15.062,10,Skjern,Salmon
109,13.146,10.507,16.446,4,Skjern,Salmon
109,12.35,9.868,15.456,5,Skjern,Salmon
109,11.655,9.309,14.592,6,Skjern,Salmon
109,12.08,9.639,15.14,7,Skjern,Salmon
109,12.043,9.621,15.075,8,Skjern,Salmon
109,11.939,9.532,14.953,9,Skjern,Salmon
109,12.264,9.701,15.505,10,Skjern,Salmon
110,13.541,10.823,16.941,4,Skjern,Salmon
110,12.676,10.128,15.864,5,Skjern,Salmon
110,11.945,9.54,14.956,6,Skjern,Salmon
110,12.406,9.898,15.55,7,Skjern,Salmon
110,12.378,9.888,15.495,8,Skjern,Salmon
110,12.277,9.802,15.377,9,Skjern,Salmon
110,12.617,9.976,15.956,10,Skjern,Salmon
111,13.944,11.144,17.446,4,Skjern,Salmon
111,13.007,10.392,16.28,5,Skjern,Salmon
111,12.239,9.774,15.325,6,Skjern,Salmon
111,12.737,10.161,15.967,7,Skjern,Salmon
111,12.72,10.161,15.923,8,Skjern,Salmon
111,12.622,10.076,15.81,9,Skjern,Salmon
111,12.976,10.256,16.417,10,Skjern,Salmon
112,14.355,11.473,17.962,4,Skjern,Salmon
112,13.343,10.66,16.702,5,Skjern,Salmon
112,12.537,10.012,15.7,6,Skjern,Salmon
112,13.074,10.428,16.391,7,Skjern,Salmon
112,13.068,10.438,16.36,8,Skjern,Salmon
112,12.973,10.356,16.251,9,Skjern,Salmon
112,13.341,10.541,16.887,10,Skjern,Salmon
113,14.775,11.807,18.487,4,Skjern,Salmon
113,13.686,10.933,17.132,5,Skjern,Salmon
113,12.84,10.253,16.081,6,Skjern,Salmon
113,13.417,10.701,16.823,7,Skjern,Salmon
113,13.422,10.721,16.804,8,Skjern,Salmon
113,13.331,10.641,16.701,9,Skjern,Salmon
113,13.714,10.831,17.365,10,Skjern,Salmon
114,15.203,12.149,19.024,4,Skjern,Salmon
114,14.034,11.21,17.569,5,Skjern,Salmon
114,13.148,10.498,16.468,6,Skjern,Salmon
114,13.766,10.977,17.262,7,Skjern,Salmon
114,13.782,11.008,17.256,8,Skjern,Salmon
114,13.695,10.931,17.158,9,Skjern,Salmon
114,14.094,11.126,17.854,10,Skjern,Salmon
115,15.639,12.497,19.571,4,Skjern,Salmon
115,14.387,11.491,18.013,5,Skjern,Salmon
115,13.46,10.746,16.86,6,Skjern,Salmon
115,14.12,11.259,17.708,7,Skjern,Salmon
115,14.149,11.301,17.716,8,Skjern,Salmon
115,14.066,11.227,17.624,9,Skjern,Salmon
115,14.481,11.427,18.351,10,Skjern,Salmon
116,16.084,12.852,20.129,4,Skjern,Salmon
116,14.746,11.778,18.464,5,Skjern,Salmon
116,13.777,10.998,17.258,6,Skjern,Salmon
116,14.481,11.545,18.163,7,Skjern,Salmon
116,14.523,11.599,18.184,8,Skjern,Salmon
116,14.444,11.527,18.099,9,Skjern,Salmon
116,14.875,11.733,18.858,10,Skjern,Salmon
117,16.538,13.214,20.698,4,Skjern,Salmon
117,15.112,12.068,18.922,5,Skjern,Salmon
117,14.099,11.254,17.663,6,Skjern,Salmon
117,14.847,11.836,18.624,7,Skjern,Salmon
117,14.903,11.901,18.661,8,Skjern,Salmon
117,14.829,11.833,18.582,9,Skjern,Salmon
117,15.276,12.044,19.375,10,Skjern,Salmon
118,17.001,13.583,21.278,4,Skjern,Salmon
118,15.482,12.363,19.388,5,Skjern,Salmon
118,14.425,11.513,18.073,6,Skjern,Salmon
118,15.22,12.131,19.094,7,Skjern,Salmon
118,15.289,12.209,19.145,8,Skjern,Salmon
118,15.22,12.145,19.074,9,Skjern,Salmon
118,15.685,12.361,19.902,10,Skjern,Salmon
119,17.472,13.959,21.87,4,Skjern,Salmon
119,15.859,12.663,19.862,5,Skjern,Salmon
119,14.756,11.777,18.489,6,Skjern,Salmon
119,15.598,12.432,19.571,7,Skjern,Salmon
119,15.682,12.523,19.639,8,Skjern,Salmon
119,15.618,12.462,19.574,9,Skjern,Salmon
119,16.1,12.683,20.438,10,Skjern,Salmon
120,17.953,14.342,22.472,4,Skjern,Salmon
120,16.242,12.968,20.342,5,Skjern,Salmon
120,15.092,12.043,18.912,6,Skjern,Salmon
120,15.983,12.737,20.056,7,Skjern,Salmon
120,16.082,12.841,20.14,8,Skjern,Salmon
120,16.024,12.784,20.083,9,Skjern,Salmon
120,16.523,13.011,20.984,10,Skjern,Salmon
121,18.442,14.732,23.086,4,Skjern,Salmon
121,16.63,13.277,20.831,5,Skjern,Salmon
121,15.432,12.314,19.34,6,Skjern,Salmon
121,16.374,13.047,20.55,7,Skjern,Salmon
121,16.488,13.165,20.65,8,Skjern,Salmon
121,16.436,13.112,20.601,9,Skjern,Salmon
121,16.954,13.345,21.54,10,Skjern,Salmon
122,18.941,15.13,23.712,4,Skjern,Salmon
122,17.025,13.591,21.327,5,Skjern,Salmon
122,15.777,12.588,19.774,6,Skjern,Salmon
122,16.771,13.361,21.051,7,Skjern,Salmon
122,16.902,13.495,21.169,8,Skjern,Salmon
122,16.855,13.446,21.129,9,Skjern,Salmon
122,17.392,13.684,22.106,10,Skjern,Salmon
123,19.449,15.534,24.349,4,Skjern,Salmon
123,17.426,13.909,21.831,5,Skjern,Salmon
123,16.127,12.866,20.215,6,Skjern,Salmon
123,17.174,13.681,21.56,7,Skjern,Salmon
123,17.322,13.83,21.696,8,Skjern,Salmon
123,17.282,13.785,21.665,9,Skjern,Salmon
123,17.838,14.028,22.683,10,Skjern,Salmon
124,19.966,15.947,24.998,4,Skjern,Salmon
124,17.832,14.233,22.342,5,Skjern,Salmon
124,16.482,13.148,20.662,6,Skjern,Salmon
124,17.584,14.006,22.077,7,Skjern,Salmon
124,17.749,14.17,22.232,8,Skjern,Salmon
124,17.715,14.13,22.21,9,Skjern,Salmon
124,18.292,14.379,23.269,10,Skjern,Salmon
125,20.493,16.366,25.66,4,Skjern,Salmon
125,18.245,14.561,22.861,5,Skjern,Salmon
125,16.842,13.434,21.114,6,Skjern,Salmon
125,18,14.335,22.602,7,Skjern,Salmon
125,18.183,14.516,22.777,8,Skjern,Salmon
125,18.156,14.481,22.764,9,Skjern,Salmon
125,18.753,14.735,23.866,10,Skjern,Salmon
126,21.029,16.793,26.333,4,Skjern,Salmon
126,18.664,14.894,23.388,5,Skjern,Salmon
126,17.206,13.723,21.574,6,Skjern,Salmon
126,18.423,14.67,23.135,7,Skjern,Salmon
126,18.624,14.867,23.331,8,Skjern,Salmon
126,18.604,14.837,23.328,9,Skjern,Salmon
126,19.222,15.097,24.474,10,Skjern,Salmon
127,21.575,17.228,27.018,4,Skjern,Salmon
127,19.089,15.232,23.923,5,Skjern,Salmon
127,17.576,14.016,22.039,6,Skjern,Salmon
127,18.852,15.01,23.677,7,Skjern,Salmon
127,19.073,15.224,23.893,8,Skjern,Salmon
127,19.06,15.2,23.901,9,Skjern,Salmon
127,19.699,15.465,25.092,10,Skjern,Salmon
128,22.13,17.671,27.715,4,Skjern,Salmon
128,19.52,15.575,24.466,5,Skjern,Salmon
128,17.95,14.314,22.511,6,Skjern,Salmon
128,19.287,15.354,24.227,7,Skjern,Salmon
128,19.528,15.587,24.465,8,Skjern,Salmon
128,19.523,15.568,24.483,9,Skjern,Salmon
128,20.184,15.838,25.721,10,Skjern,Salmon
129,22.696,18.121,28.425,4,Skjern,Salmon
129,19.958,15.922,25.017,5,Skjern,Salmon
129,18.33,14.615,22.989,6,Skjern,Salmon
129,19.729,15.704,24.786,7,Skjern,Salmon
129,19.99,15.956,25.046,8,Skjern,Salmon
129,19.994,15.942,25.076,9,Skjern,Salmon
129,20.677,16.218,26.361,10,Skjern,Salmon
130,23.271,18.579,29.148,4,Skjern,Salmon
130,20.402,16.275,25.576,5,Skjern,Salmon
130,18.714,14.92,23.473,6,Skjern,Salmon
130,20.178,16.059,25.353,7,Skjern,Salmon
130,20.46,16.33,25.636,8,Skjern,Salmon
130,20.472,16.322,25.677,9,Skjern,Salmon
130,21.178,16.604,27.012,10,Skjern,Salmon
131,23.856,19.045,29.883,4,Skjern,Salmon
131,20.852,16.632,26.143,5,Skjern,Salmon
131,19.103,15.229,23.964,6,Skjern,Salmon
131,20.633,16.419,25.928,7,Skjern,Salmon
131,20.937,16.71,26.235,8,Skjern,Salmon
131,20.958,16.708,26.288,9,Skjern,Salmon
131,21.687,16.995,27.673,10,Skjern,Salmon
40,0.791,0.603,1.04,4,Skjern,Seatrout
40,0.778,0.588,1.03,5,Skjern,Seatrout
40,0.841,0.64,1.104,6,Skjern,Seatrout
40,0.824,0.628,1.081,7,Skjern,Seatrout
40,0.794,0.605,1.042,8,Skjern,Seatrout
40,0.76,0.579,0.997,9,Skjern,Seatrout
40,0.745,0.564,0.983,10,Skjern,Seatrout
41,0.85,0.647,1.116,4,Skjern,Seatrout
41,0.84,0.635,1.111,5,Skjern,Seatrout
41,0.904,0.689,1.187,6,Skjern,Seatrout
41,0.885,0.675,1.161,7,Skjern,Seatrout
41,0.852,0.65,1.118,8,Skjern,Seatrout
41,0.816,0.622,1.072,9,Skjern,Seatrout
41,0.799,0.606,1.054,10,Skjern,Seatrout
42,0.911,0.694,1.196,4,Skjern,Seatrout
42,0.905,0.685,1.196,5,Skjern,Seatrout
42,0.971,0.74,1.274,6,Skjern,Seatrout
42,0.95,0.724,1.246,7,Skjern,Seatrout
42,0.913,0.696,1.198,8,Skjern,Seatrout
42,0.876,0.667,1.15,9,Skjern,Seatrout
42,0.856,0.65,1.128,10,Skjern,Seatrout
43,0.975,0.743,1.279,4,Skjern,Seatrout
43,0.974,0.738,1.286,5,Skjern,Seatrout
43,1.04,0.793,1.365,6,Skjern,Seatrout
43,1.018,0.776,1.334,7,Skjern,Seatrout
43,0.977,0.745,1.281,8,Skjern,Seatrout
43,0.938,0.715,1.231,9,Skjern,Seatrout
43,0.916,0.695,1.206,10,Skjern,Seatrout
44,1.041,0.794,1.367,4,Skjern,Seatrout
44,1.046,0.793,1.38,5,Skjern,Seatrout
44,1.113,0.849,1.461,6,Skjern,Seatrout
44,1.088,0.83,1.427,7,Skjern,Seatrout
44,1.044,0.796,1.369,8,Skjern,Seatrout
44,1.003,0.765,1.316,9,Skjern,Seatrout
44,0.978,0.743,1.287,10,Skjern,Seatrout
45,1.111,0.847,1.458,4,Skjern,Seatrout
45,1.122,0.851,1.479,5,Skjern,Seatrout
45,1.19,0.907,1.561,6,Skjern,Seatrout
45,1.162,0.886,1.524,7,Skjern,Seatrout
45,1.113,0.849,1.46,8,Skjern,Seatrout
45,1.071,0.817,1.405,9,Skjern,Seatrout
45,1.043,0.793,1.371,10,Skjern,Seatrout
46,1.184,0.902,1.553,4,Skjern,Seatrout
46,1.201,0.912,1.583,5,Skjern,Seatrout
46,1.269,0.968,1.665,6,Skjern,Seatrout
46,1.239,0.945,1.624,7,Skjern,Seatrout
46,1.186,0.904,1.555,8,Skjern,Seatrout
46,1.142,0.871,1.498,9,Skjern,Seatrout
46,1.11,0.844,1.459,10,Skjern,Seatrout
47,1.259,0.96,1.652,4,Skjern,Seatrout
47,1.284,0.975,1.691,5,Skjern,Seatrout
47,1.352,1.031,1.774,6,Skjern,Seatrout
47,1.319,1.006,1.73,7,Skjern,Seatrout
47,1.261,0.962,1.653,8,Skjern,Seatrout
47,1.216,0.927,1.595,9,Skjern,Seatrout
47,1.18,0.898,1.551,10,Skjern,Seatrout
48,1.338,1.02,1.755,4,Skjern,Seatrout
48,1.371,1.042,1.805,5,Skjern,Seatrout
48,1.439,1.097,1.887,6,Skjern,Seatrout
48,1.403,1.07,1.839,7,Skjern,Seatrout
48,1.34,1.022,1.756,8,Skjern,Seatrout
48,1.293,0.986,1.696,9,Skjern,Seatrout
48,1.253,0.954,1.647,10,Skjern,Seatrout
49,1.42,1.083,1.862,4,Skjern,Seatrout
49,1.462,1.111,1.923,5,Skjern,Seatrout
49,1.529,1.166,2.005,6,Skjern,Seatrout
49,1.49,1.137,1.953,7,Skjern,Seatrout
49,1.421,1.084,1.863,8,Skjern,Seatrout
49,1.374,1.048,1.801,9,Skjern,Seatrout
49,1.329,1.012,1.746,10,Skjern,Seatrout
50,1.505,1.148,1.974,4,Skjern,Seatrout
50,1.557,1.184,2.047,5,Skjern,Seatrout
50,1.623,1.238,2.128,6,Skjern,Seatrout
50,1.581,1.206,2.072,7,Skjern,Seatrout
50,1.506,1.149,1.974,8,Skjern,Seatrout
50,1.457,1.111,1.91,9,Skjern,Seatrout
50,1.408,1.073,1.849,10,Skjern,Seatrout
51,1.593,1.215,2.09,4,Skjern,Seatrout
51,1.655,1.259,2.176,5,Skjern,Seatrout
51,1.72,1.312,2.256,6,Skjern,Seatrout
51,1.675,1.278,2.195,7,Skjern,Seatrout
51,1.594,1.216,2.09,8,Skjern,Seatrout
51,1.544,1.177,2.024,9,Skjern,Seatrout
51,1.49,1.135,1.956,10,Skjern,Seatrout
52,1.685,1.285,2.21,4,Skjern,Seatrout
52,1.758,1.338,2.311,5,Skjern,Seatrout
52,1.822,1.39,2.388,6,Skjern,Seatrout
52,1.773,1.352,2.323,7,Skjern,Seatrout
52,1.685,1.286,2.209,8,Skjern,Seatrout
52,1.634,1.246,2.142,9,Skjern,Seatrout
52,1.575,1.2,2.067,10,Skjern,Seatrout
53,1.78,1.357,2.335,4,Skjern,Seatrout
53,1.866,1.42,2.451,5,Skjern,Seatrout
53,1.927,1.47,2.526,6,Skjern,Seatrout
53,1.874,1.43,2.456,7,Skjern,Seatrout
53,1.78,1.358,2.333,8,Skjern,Seatrout
53,1.727,1.317,2.264,9,Skjern,Seatrout
53,1.663,1.268,2.182,10,Skjern,Seatrout
54,1.878,1.432,2.464,4,Skjern,Seatrout
54,1.977,1.506,2.597,5,Skjern,Seatrout
54,2.036,1.553,2.669,6,Skjern,Seatrout
54,1.979,1.51,2.594,7,Skjern,Seatrout
54,1.878,1.433,2.462,8,Skjern,Seatrout
54,1.824,1.391,2.391,9,Skjern,Seatrout
54,1.754,1.337,2.301,10,Skjern,Seatrout
55,1.98,1.51,2.598,4,Skjern,Seatrout
55,2.093,1.594,2.749,5,Skjern,Seatrout
55,2.149,1.64,2.817,6,Skjern,Seatrout
55,2.088,1.593,2.737,7,Skjern,Seatrout
55,1.98,1.51,2.595,8,Skjern,Seatrout
55,1.924,1.468,2.523,9,Skjern,Seatrout
55,1.849,1.409,2.425,10,Skjern,Seatrout
56,2.086,1.59,2.736,4,Skjern,Seatrout
56,2.214,1.686,2.906,5,Skjern,Seatrout
56,2.267,1.729,2.971,6,Skjern,Seatrout
56,2.201,1.679,2.885,7,Skjern,Seatrout
56,2.085,1.591,2.732,8,Skjern,Seatrout
56,2.028,1.547,2.659,9,Skjern,Seatrout
56,1.946,1.484,2.553,10,Skjern,Seatrout
57,2.195,1.673,2.88,4,Skjern,Seatrout
57,2.339,1.782,3.07,5,Skjern,Seatrout
57,2.388,1.822,3.13,6,Skjern,Seatrout
57,2.318,1.769,3.038,7,Skjern,Seatrout
57,2.193,1.673,2.875,8,Skjern,Seatrout
57,2.136,1.629,2.8,9,Skjern,Seatrout
57,2.047,1.561,2.685,10,Skjern,Seatrout
58,2.308,1.759,3.028,4,Skjern,Seatrout
58,2.469,1.881,3.24,5,Skjern,Seatrout
58,2.514,1.918,3.295,6,Skjern,Seatrout
58,2.439,1.861,3.196,7,Skjern,Seatrout
58,2.306,1.759,3.022,8,Skjern,Seatrout
58,2.247,1.714,2.945,9,Skjern,Seatrout
58,2.151,1.64,2.822,10,Skjern,Seatrout
59,2.424,1.847,3.181,4,Skjern,Seatrout
59,2.604,1.984,3.417,5,Skjern,Seatrout
59,2.644,2.017,3.465,6,Skjern,Seatrout
59,2.564,1.956,3.36,7,Skjern,Seatrout
59,2.421,1.848,3.174,8,Skjern,Seatrout
59,2.362,1.802,3.096,9,Skjern,Seatrout
59,2.259,1.722,2.963,10,Skjern,Seatrout
60,2.544,1.939,3.34,4,Skjern,Seatrout
60,2.743,2.09,3.6,5,Skjern,Seatrout
60,2.778,2.119,3.641,6,Skjern,Seatrout
60,2.693,2.054,3.529,7,Skjern,Seatrout
60,2.541,1.939,3.33,8,Skjern,Seatrout
60,2.481,1.893,3.252,9,Skjern,Seatrout
60,2.37,1.807,3.109,10,Skjern,Seatrout
61,2.669,2.033,3.503,4,Skjern,Seatrout
61,2.888,2.201,3.79,5,Skjern,Seatrout
61,2.916,2.225,3.823,6,Skjern,Seatrout
61,2.826,2.156,3.704,7,Skjern,Seatrout
61,2.664,2.033,3.492,8,Skjern,Seatrout
61,2.603,1.986,3.413,9,Skjern,Seatrout
61,2.484,1.894,3.259,10,Skjern,Seatrout
62,2.797,2.13,3.672,4,Skjern,Seatrout
62,3.037,2.315,3.986,5,Skjern,Seatrout
62,3.06,2.334,4.011,6,Skjern,Seatrout
62,2.963,2.261,3.884,7,Skjern,Seatrout
62,2.792,2.13,3.659,8,Skjern,Seatrout
62,2.73,2.083,3.579,9,Skjern,Seatrout
62,2.603,1.984,3.414,10,Skjern,Seatrout
63,2.928,2.23,3.846,4,Skjern,Seatrout
63,3.192,2.433,4.189,5,Skjern,Seatrout
63,3.207,2.447,4.205,6,Skjern,Seatrout
63,3.105,2.369,4.07,7,Skjern,Seatrout
63,2.923,2.23,3.831,8,Skjern,Seatrout
63,2.86,2.182,3.75,9,Skjern,Seatrout
63,2.724,2.076,3.574,10,Skjern,Seatrout
64,3.064,2.333,4.025,4,Skjern,Seatrout
64,3.352,2.555,4.4,5,Skjern,Seatrout
64,3.36,2.563,4.404,6,Skjern,Seatrout
64,3.251,2.48,4.262,7,Skjern,Seatrout
64,3.058,2.333,4.008,8,Skjern,Seatrout
64,2.995,2.285,3.926,9,Skjern,Seatrout
64,2.849,2.171,3.739,10,Skjern,Seatrout
65,3.204,2.439,4.21,4,Skjern,Seatrout
65,3.518,2.68,4.617,5,Skjern,Seatrout
65,3.517,2.683,4.611,6,Skjern,Seatrout
65,3.402,2.595,4.459,7,Skjern,Seatrout
65,3.197,2.439,4.19,8,Skjern,Seatrout
65,3.134,2.39,4.108,9,Skjern,Seatrout
65,2.978,2.269,3.909,10,Skjern,Seatrout
66,3.348,2.548,4.4,4,Skjern,Seatrout
66,3.689,2.81,4.842,5,Skjern,Seatrout
66,3.679,2.806,4.823,6,Skjern,Seatrout
66,3.557,2.714,4.663,7,Skjern,Seatrout
66,3.34,2.548,4.378,8,Skjern,Seatrout
66,3.276,2.499,4.295,9,Skjern,Seatrout
66,3.111,2.37,4.084,10,Skjern,Seatrout
67,3.496,2.66,4.596,4,Skjern,Seatrout
67,3.865,2.945,5.074,5,Skjern,Seatrout
67,3.846,2.933,5.042,6,Skjern,Seatrout
67,3.717,2.835,4.872,7,Skjern,Seatrout
67,3.487,2.66,4.571,8,Skjern,Seatrout
67,3.423,2.611,4.488,9,Skjern,Seatrout
67,3.247,2.473,4.264,10,Skjern,Seatrout
68,3.649,2.775,4.798,4,Skjern,Seatrout
68,4.047,3.083,5.314,5,Skjern,Seatrout
68,4.017,3.064,5.267,6,Skjern,Seatrout
68,3.881,2.961,5.088,7,Skjern,Seatrout
68,3.639,2.776,4.77,8,Skjern,Seatrout
68,3.575,2.726,4.687,9,Skjern,Seatrout
68,3.388,2.58,4.449,10,Skjern,Seatrout
69,3.806,2.894,5.005,4,Skjern,Seatrout
69,4.235,3.226,5.561,5,Skjern,Seatrout
69,4.194,3.198,5.499,6,Skjern,Seatrout
69,4.05,3.089,5.31,7,Skjern,Seatrout
69,3.794,2.894,4.974,8,Skjern,Seatrout
69,3.73,2.845,4.891,9,Skjern,Seatrout
69,3.532,2.689,4.64,10,Skjern,Seatrout
70,3.967,3.015,5.218,4,Skjern,Seatrout
70,4.429,3.372,5.816,5,Skjern,Seatrout
70,4.375,3.337,5.738,6,Skjern,Seatrout
70,4.224,3.222,5.538,7,Skjern,Seatrout
70,3.954,3.016,5.184,8,Skjern,Seatrout
70,3.89,2.967,5.101,9,Skjern,Seatrout
70,3.68,2.801,4.835,10,Skjern,Seatrout
71,4.132,3.14,5.437,4,Skjern,Seatrout
71,4.629,3.524,6.08,5,Skjern,Seatrout
71,4.562,3.479,5.983,6,Skjern,Seatrout
71,4.403,3.358,5.772,7,Skjern,Seatrout
71,4.118,3.141,5.399,8,Skjern,Seatrout
71,4.055,3.092,5.317,9,Skjern,Seatrout
71,3.832,2.916,5.037,10,Skjern,Seatrout
72,4.302,3.268,5.662,4,Skjern,Seatrout
72,4.834,3.68,6.351,5,Skjern,Seatrout
72,4.754,3.625,6.235,6,Skjern,Seatrout
72,4.586,3.498,6.013,7,Skjern,Seatrout
72,4.287,3.27,5.621,8,Skjern,Seatrout
72,4.224,3.221,5.539,9,Skjern,Seatrout
72,3.988,3.034,5.243,10,Skjern,Seatrout
73,4.476,3.4,5.893,4,Skjern,Seatrout
73,5.046,3.84,6.63,5,Skjern,Seatrout
73,4.952,3.775,6.495,6,Skjern,Seatrout
73,4.775,3.642,6.261,7,Skjern,Seatrout
73,4.46,3.402,5.848,8,Skjern,Seatrout
73,4.397,3.353,5.767,9,Skjern,Seatrout
73,4.148,3.154,5.455,10,Skjern,Seatrout
74,4.655,3.535,6.131,4,Skjern,Seatrout
74,5.264,4.005,6.918,5,Skjern,Seatrout
74,5.154,3.929,6.761,6,Skjern,Seatrout
74,4.968,3.789,6.515,7,Skjern,Seatrout
74,4.638,3.537,6.081,8,Skjern,Seatrout
74,4.575,3.488,6.001,9,Skjern,Seatrout
74,4.313,3.278,5.673,10,Skjern,Seatrout
75,4.839,3.673,6.374,4,Skjern,Seatrout
75,5.488,4.175,7.215,5,Skjern,Seatrout
75,5.362,4.088,7.034,6,Skjern,Seatrout
75,5.167,3.94,6.776,7,Skjern,Seatrout
75,4.82,3.676,6.32,8,Skjern,Seatrout
75,4.758,3.628,6.241,9,Skjern,Seatrout
75,4.481,3.405,5.897,10,Skjern,Seatrout
76,5.027,3.815,6.624,4,Skjern,Seatrout
76,5.719,4.349,7.52,5,Skjern,Seatrout
76,5.576,4.25,7.315,6,Skjern,Seatrout
76,5.371,4.096,7.044,7,Skjern,Seatrout
76,5.006,3.818,6.565,8,Skjern,Seatrout
76,4.946,3.77,6.488,9,Skjern,Seatrout
76,4.654,3.535,6.126,10,Skjern,Seatrout
77,5.22,3.96,6.88,4,Skjern,Seatrout
77,5.956,4.528,7.834,5,Skjern,Seatrout
77,5.795,4.417,7.603,6,Skjern,Seatrout
77,5.58,4.255,7.318,7,Skjern,Seatrout
77,5.198,3.963,6.816,8,Skjern,Seatrout
77,5.138,3.917,6.74,9,Skjern,Seatrout
77,4.831,3.668,6.361,10,Skjern,Seatrout
78,5.417,4.108,7.143,4,Skjern,Seatrout
78,6.199,4.712,8.156,5,Skjern,Seatrout
78,6.019,4.587,7.898,6,Skjern,Seatrout
78,5.794,4.418,7.6,7,Skjern,Seatrout
78,5.393,4.113,7.073,8,Skjern,Seatrout
78,5.335,4.067,7,9,Skjern,Seatrout
78,5.012,3.805,6.602,10,Skjern,Seatrout
79,5.62,4.261,7.413,4,Skjern,Seatrout
79,6.45,4.901,8.488,5,Skjern,Seatrout
79,6.25,4.763,8.201,6,Skjern,Seatrout
79,6.014,4.585,7.888,7,Skjern,Seatrout
79,5.594,4.265,7.337,8,Skjern,Seatrout
79,5.537,4.22,7.265,9,Skjern,Seatrout
79,5.197,3.944,6.849,10,Skjern,Seatrout
80,5.827,4.416,7.689,4,Skjern,Seatrout
80,6.707,5.095,8.829,5,Skjern,Seatrout
80,6.486,4.942,8.512,6,Skjern,Seatrout
80,6.239,4.756,8.184,7,Skjern,Seatrout
80,5.8,4.422,7.607,8,Skjern,Seatrout
80,5.745,4.378,7.538,9,Skjern,Seatrout
80,5.387,4.087,7.102,10,Skjern,Seatrout
81,6.039,4.576,7.971,4,Skjern,Seatrout
81,6.971,5.294,9.18,5,Skjern,Seatrout
81,6.728,5.126,8.83,6,Skjern,Seatrout
81,6.47,4.932,8.487,7,Skjern,Seatrout
81,6.01,4.582,7.883,8,Skjern,Seatrout
81,5.957,4.539,7.817,9,Skjern,Seatrout
81,5.582,4.233,7.362,10,Skjern,Seatrout
82,6.257,4.739,8.261,4,Skjern,Seatrout
82,7.242,5.498,9.539,5,Skjern,Seatrout
82,6.975,5.314,9.156,6,Skjern,Seatrout
82,6.706,5.112,8.797,7,Skjern,Seatrout
82,6.226,4.746,8.166,8,Skjern,Seatrout
82,6.174,4.704,8.103,9,Skjern,Seatrout
82,5.781,4.382,7.627,10,Skjern,Seatrout
83,6.479,4.905,8.557,4,Skjern,Seatrout
83,7.52,5.707,9.909,5,Skjern,Seatrout
83,7.229,5.507,9.49,6,Skjern,Seatrout
83,6.947,5.295,9.115,7,Skjern,Seatrout
83,6.446,4.914,8.456,8,Skjern,Seatrout
83,6.396,4.873,8.395,9,Skjern,Seatrout
83,5.984,4.534,7.899,10,Skjern,Seatrout
84,6.706,5.076,8.86,4,Skjern,Seatrout
84,7.805,5.921,10.288,5,Skjern,Seatrout
84,7.489,5.704,9.832,6,Skjern,Seatrout
84,7.195,5.484,9.44,7,Skjern,Seatrout
84,6.671,5.085,8.752,8,Skjern,Seatrout
84,6.624,5.046,8.695,9,Skjern,Seatrout
84,6.193,4.69,8.177,10,Skjern,Seatrout
85,6.939,5.25,9.171,4,Skjern,Seatrout
85,8.097,6.141,10.677,5,Skjern,Seatrout
85,7.755,5.906,10.182,6,Skjern,Seatrout
85,7.448,5.676,9.773,7,Skjern,Seatrout
85,6.901,5.26,9.055,8,Skjern,Seatrout
85,6.856,5.223,9.001,9,Skjern,Seatrout
85,6.405,4.849,8.461,10,Skjern,Seatrout
86,7.177,5.428,9.488,4,Skjern,Seatrout
86,8.397,6.366,11.076,5,Skjern,Seatrout
86,8.027,6.112,10.541,6,Skjern,Seatrout
86,7.707,5.873,10.113,7,Skjern,Seatrout
86,7.137,5.439,9.364,8,Skjern,Seatrout
86,7.095,5.404,9.315,9,Skjern,Seatrout
86,6.623,5.011,8.752,10,Skjern,Seatrout
87,7.42,5.61,9.813,4,Skjern,Seatrout
87,8.704,6.596,11.486,5,Skjern,Seatrout
87,8.305,6.324,10.907,6,Skjern,Seatrout
87,7.971,6.074,10.461,7,Skjern,Seatrout
87,7.378,5.623,9.681,8,Skjern,Seatrout
87,7.338,5.589,9.635,9,Skjern,Seatrout
87,6.845,5.177,9.05,10,Skjern,Seatrout
88,7.668,5.796,10.145,4,Skjern,Seatrout
88,9.019,6.832,11.905,5,Skjern,Seatrout
88,8.59,6.54,11.282,6,Skjern,Seatrout
88,8.242,6.28,10.817,7,Skjern,Seatrout
88,7.623,5.81,10.004,8,Skjern,Seatrout
88,7.587,5.778,9.963,9,Skjern,Seatrout
88,7.072,5.346,9.354,10,Skjern,Seatrout
89,7.922,5.985,10.484,4,Skjern,Seatrout
89,9.341,7.074,12.335,5,Skjern,Seatrout
89,8.88,6.76,11.666,6,Skjern,Seatrout
89,8.519,6.49,11.181,7,Skjern,Seatrout
89,7.875,6.001,10.334,8,Skjern,Seatrout
89,7.841,5.971,10.298,9,Skjern,Seatrout
89,7.304,5.519,9.665,10,Skjern,Seatrout
90,8.181,6.179,10.831,4,Skjern,Seatrout
90,9.671,7.321,12.776,5,Skjern,Seatrout
90,9.178,6.986,12.058,6,Skjern,Seatrout
90,8.801,6.705,11.552,7,Skjern,Seatrout
90,8.131,6.196,10.671,8,Skjern,Seatrout
90,8.101,6.168,10.641,9,Skjern,Seatrout
90,7.541,5.696,9.983,10,Skjern,Seatrout
91,8.445,6.376,11.186,4,Skjern,Seatrout
91,10.009,7.574,13.227,5,Skjern,Seatrout
91,9.482,7.216,12.458,6,Skjern,Seatrout
91,9.09,6.925,11.932,7,Skjern,Seatrout
91,8.393,6.395,11.016,8,Skjern,Seatrout
91,8.367,6.37,10.991,9,Skjern,Seatrout
91,7.782,5.875,10.308,10,Skjern,Seatrout
92,8.715,6.578,11.547,4,Skjern,Seatrout
92,10.355,7.832,13.69,5,Skjern,Seatrout
92,9.792,7.452,12.868,6,Skjern,Seatrout
92,9.385,7.149,12.32,7,Skjern,Seatrout
92,8.66,6.598,11.367,8,Skjern,Seatrout
92,8.638,6.575,11.348,9,Skjern,Seatrout
92,8.029,6.059,10.639,10,Skjern,Seatrout
93,8.991,6.783,11.917,4,Skjern,Seatrout
93,10.709,8.097,14.163,5,Skjern,Seatrout
93,10.109,7.692,13.286,6,Skjern,Seatrout
93,9.686,7.378,12.716,7,Skjern,Seatrout
93,8.933,6.805,11.726,8,Skjern,Seatrout
93,8.915,6.785,11.713,9,Skjern,Seatrout
93,8.28,6.246,10.978,10,Skjern,Seatrout
94,9.272,6.993,12.294,4,Skjern,Seatrout
94,11.07,8.367,14.648,5,Skjern,Seatrout
94,10.433,7.937,13.713,6,Skjern,Seatrout
94,9.993,7.611,13.121,7,Skjern,Seatrout
94,9.211,7.017,12.092,8,Skjern,Seatrout
94,9.198,7,12.086,9,Skjern,Seatrout
94,8.537,6.436,11.324,10,Skjern,Seatrout
95,9.559,7.207,12.68,4,Skjern,Seatrout
95,11.441,8.643,15.144,5,Skjern,Seatrout
95,10.763,8.188,14.149,6,Skjern,Seatrout
95,10.307,7.85,13.534,7,Skjern,Seatrout
95,9.495,7.233,12.466,8,Skjern,Seatrout
95,9.486,7.218,12.466,9,Skjern,Seatrout
95,8.799,6.63,11.677,10,Skjern,Seatrout
96,9.852,7.424,13.073,4,Skjern,Seatrout
96,11.819,8.925,15.651,5,Skjern,Seatrout
96,11.101,8.443,14.595,6,Skjern,Seatrout
96,10.627,8.093,13.955,7,Skjern,Seatrout
96,9.785,7.453,12.847,8,Skjern,Seatrout
96,9.781,7.442,12.855,9,Skjern,Seatrout
96,9.066,6.828,12.037,10,Skjern,Seatrout
97,10.15,7.647,13.474,4,Skjern,Seatrout
97,12.206,9.213,16.17,5,Skjern,Seatrout
97,11.445,8.704,15.049,6,Skjern,Seatrout
97,10.954,8.341,14.385,7,Skjern,Seatrout
97,10.08,7.677,13.236,8,Skjern,Seatrout
97,10.081,7.669,13.251,9,Skjern,Seatrout
97,9.338,7.03,12.404,10,Skjern,Seatrout
98,10.455,7.873,13.883,4,Skjern,Seatrout
98,12.601,9.508,16.701,5,Skjern,Seatrout
98,11.796,8.97,15.513,6,Skjern,Seatrout
98,11.287,8.594,14.824,7,Skjern,Seatrout
98,10.381,7.906,13.632,8,Skjern,Seatrout
98,10.387,7.902,13.655,9,Skjern,Seatrout
98,9.615,7.235,12.779,10,Skjern,Seatrout
99,10.765,8.103,14.3,4,Skjern,Seatrout
99,13.005,9.808,17.244,5,Skjern,Seatrout
99,12.155,9.242,15.986,6,Skjern,Seatrout
99,11.627,8.852,15.271,7,Skjern,Seatrout
99,10.688,8.139,14.036,8,Skjern,Seatrout
99,10.7,8.138,14.067,9,Skjern,Seatrout
99,9.898,7.444,13.161,10,Skjern,Seatrout
100,11.081,8.338,14.726,4,Skjern,Seatrout
100,13.418,10.115,17.799,5,Skjern,Seatrout
100,12.52,9.518,16.469,6,Skjern,Seatrout
100,11.973,9.115,15.727,7,Skjern,Seatrout
100,11.001,8.376,14.447,8,Skjern,Seatrout
100,11.018,8.379,14.488,9,Skjern,Seatrout
100,10.186,7.657,13.551,10,Skjern,Seatrout
101,11.403,8.577,15.16,4,Skjern,Seatrout
101,13.839,10.428,18.366,5,Skjern,Seatrout
101,12.893,9.8,16.961,6,Skjern,Seatrout
101,12.326,9.383,16.192,7,Skjern,Seatrout
101,11.319,8.618,14.867,8,Skjern,Seatrout
101,11.343,8.625,14.917,9,Skjern,Seatrout
101,10.48,7.874,13.949,10,Skjern,Seatrout
102,11.731,8.821,15.602,4,Skjern,Seatrout
102,14.269,10.747,18.945,5,Skjern,Seatrout
102,13.273,10.088,17.463,6,Skjern,Seatrout
102,12.686,9.656,16.667,7,Skjern,Seatrout
102,11.644,8.864,15.294,8,Skjern,Seatrout
102,11.674,8.876,15.354,9,Skjern,Seatrout
102,10.779,8.094,14.354,10,Skjern,Seatrout
103,12.066,9.069,16.053,4,Skjern,Seatrout
103,14.708,11.073,19.537,5,Skjern,Seatrout
103,13.66,10.381,17.975,6,Skjern,Seatrout
103,13.053,9.934,17.15,7,Skjern,Seatrout
103,11.974,9.115,15.729,8,Skjern,Seatrout
103,12.011,9.131,15.799,9,Skjern,Seatrout
103,11.083,8.318,14.767,10,Skjern,Seatrout
104,12.406,9.321,16.512,4,Skjern,Seatrout
104,15.157,11.406,20.142,5,Skjern,Seatrout
104,14.055,10.679,18.497,6,Skjern,Seatrout
104,13.426,10.218,17.642,7,Skjern,Seatrout
104,12.311,9.371,16.173,8,Skjern,Seatrout
104,12.355,9.391,16.253,9,Skjern,Seatrout
104,11.393,8.547,15.187,10,Skjern,Seatrout
105,12.753,9.578,16.98,4,Skjern,Seatrout
105,15.614,11.744,20.759,5,Skjern,Seatrout
105,14.457,10.983,19.028,6,Skjern,Seatrout
105,13.807,10.507,18.144,7,Skjern,Seatrout
105,12.653,9.631,16.624,8,Skjern,Seatrout
105,12.705,9.656,16.715,9,Skjern,Seatrout
105,11.709,8.779,15.616,10,Skjern,Seatrout
106,13.106,9.839,17.457,4,Skjern,Seatrout
106,16.081,12.09,21.39,5,Skjern,Seatrout
106,14.866,11.293,19.57,6,Skjern,Seatrout
106,14.195,10.801,18.655,7,Skjern,Seatrout
106,13.002,9.895,17.084,8,Skjern,Seatrout
106,13.061,9.926,17.186,9,Skjern,Seatrout
106,12.03,9.015,16.053,10,Skjern,Seatrout
